actual dist,angle,var

0.25-0.5,0.0-0.2,0.00196315691425
0.25-0.5,0.2-0.4,0.00262594486322
0.25-0.5,0.4-0.6,0.00256596662617
0.25-0.5,0.6-0.8,0.00194249304904
0.25-0.5,0.8-1.0,0.00155650659803
0.25-0.5,1.2-1.4,0.00159622928387
0.25-0.5,1.4-1.6,0.00101979597983
0.25-0.5,1.4-1.6,0.00182507114221
0.25-0.5,1.2-1.4,0.00206236738411
0.25-0.5,1.2-1.4,0.00198440566847
0.25-0.5,1.0-1.2,0.00108767172609
0.25-0.5,0.8-1.0,0.00187648879627
0.25-0.5,0.8-1.0,0.000954039785123
0.25-0.5,0.6-0.8,0.000684877306746
0.25-0.5,0.6-0.8,0.000673395344596
0.25-0.5,0.4-0.6,0.00126434232593
0.25-0.5,0.0-0.2,0.00206526659738
0.25-0.5,0.0-0.2,0.00234625418105
0.25-0.5,0.0-0.2,0.00125853472707
0.25-0.5,0.2-0.4,0.0012409495121
0.25-0.5,0.4-0.6,0.00152132780854
0.25-0.5,0.6-0.8,0.0017143851132
0.25-0.5,0.8-1.0,0.000914222181409
0.25-0.5,1.0-1.2,0.00080325396491
0.25-0.5,1.2-1.4,0.000656162031969
0.25-0.5,1.4-1.6,0.000523649517447
0.25-0.5,1.2-1.4,0.00202534721485
0.25-0.5,1.2-1.4,0.00249111644157
0.25-0.5,1.0-1.2,0.00087187765714
0.25-0.5,0.6-0.8,0.00305832660888
0.25-0.5,0.6-0.8,0.0036989985017
0.25-0.5,0.4-0.6,0.00197527966485
0.25-0.5,0.0-0.2,0.00151971093018
0.25-0.5,0.0-0.2,0.00242390199533
2.25-2.5,0.0-0.2,0.000380744677985
2.25-2.5,0.0-0.2,0.00057127464477
2.25-2.5,0.2-0.4,0.000363043048051
2.25-2.5,0.4-0.6,0.000928670259606
2.25-2.5,0.4-0.6,0.00121303457773
2.25-2.5,0.6-0.8,0.00143734416143
2.25-2.5,0.8-1.0,0.000375559084892
2.25-2.5,0.8-1.0,0.000370629167668
2.25-2.5,1.0-1.2,0.000324905908232
2.25-2.5,1.0-1.2,0.000637684607765
2.25-2.5,1.2-1.4,0.000380104220297
2.25-2.5,1.2-1.4,0.00026440768592
2.25-2.5,1.4-1.6,0.000347958950959
2.25-2.5,1.4-1.6,0.000248489576927
2.25-2.5,1.4-1.6,0.000364965249074
2.25-2.5,1.4-1.6,0.00120520812408
2.25-2.5,1.2-1.4,0.00106022672626
2.25-2.5,1.0-1.2,0.0011547761139
2.25-2.5,1.0-1.2,0.000761199582262
2.25-2.5,0.8-1.0,0.000770650556862
2.25-2.5,0.8-1.0,0.00125582788155
2.25-2.5,0.6-0.8,0.000775549984619
2.25-2.5,0.6-0.8,0.000733203445038
2.25-2.5,0.4-0.6,0.000765377024181
2.25-2.5,0.4-0.6,0.00036830801122
2.25-2.5,0.2-0.4,0.00034384690667
2.25-2.5,0.2-0.4,0.000710713160842
2.25-2.5,0.2-0.4,0.0008649381459
2.25-2.5,0.0-0.2,0.000961730936058
2.25-2.5,0.0-0.2,0.000857676198787
2.25-2.5,0.0-0.2,0.00115523512422
2.25-2.5,0.0-0.2,0.000880891514502
2.25-2.5,0.0-0.2,0.00107934424549
2.25-2.5,0.0-0.2,0.00135869813023
2.25-2.5,0.2-0.4,0.000864919916995
2.25-2.5,0.2-0.4,0.000801950603415
2.25-2.5,0.4-0.6,0.00109514257795
2.25-2.5,0.4-0.6,0.0010245995912
2.25-2.5,0.6-0.8,0.00102221680952
2.25-2.5,0.6-0.8,0.00107341708236
2.25-2.5,0.8-1.0,0.00108903573386
2.25-2.5,1.0-1.2,0.000513404816612
2.25-2.5,1.0-1.2,0.000733456362484
2.25-2.5,1.2-1.4,0.00117910186103
2.25-2.5,1.2-1.4,0.00135791923727
2.25-2.5,1.2-1.4,0.00105946892623
2.25-2.5,1.4-1.6,0.000503612807527
2.25-2.5,1.4-1.6,0.000967963617846
2.25-2.5,1.4-1.6,0.00101244104439
2.25-2.5,1.2-1.4,0.000719998129464
2.25-2.5,1.2-1.4,0.000959630240382
2.25-2.5,1.0-1.2,0.000770895222233
2.25-2.5,1.0-1.2,0.00061476240467
2.25-2.5,0.8-1.0,0.000457347738865
2.25-2.5,0.8-1.0,0.000501263975558
2.25-2.5,0.6-0.8,0.000562775742748
2.25-2.5,0.6-0.8,0.000272857011681
2.25-2.5,0.6-0.8,0.00135546962756
2.25-2.5,0.4-0.6,0.00100243968114
2.25-2.5,0.4-0.6,0.00126795634526
2.25-2.5,0.2-0.4,0.00208667755299
2.25-2.5,0.2-0.4,0.00143378753074
2.25-2.5,0.2-0.4,0.00151934520638
2.25-2.5,0.0-0.2,0.00152437193724
2.25-2.5,0.0-0.2,0.00148132018023
2.25-2.5,0.0-0.2,0.00151973489557
2.5-2.75,0.0-0.2,0.000318319597299
2.5-2.75,0.0-0.2,0.00022894812764
2.5-2.75,0.2-0.4,0.000312207189138
2.5-2.75,0.2-0.4,0.000398717254798
2.5-2.75,0.4-0.6,0.000548379362909
2.5-2.75,0.4-0.6,0.000425510061175
2.5-2.75,0.6-0.8,0.000493980590769
2.5-2.75,0.6-0.8,0.000291100816071
2.5-2.75,0.8-1.0,0.000512949383699
2.5-2.75,0.8-1.0,0.000411692704855
2.5-2.75,1.0-1.2,0.000963207496579
2.5-2.75,1.0-1.2,0.00055009807592
2.25-2.5,1.2-1.4,0.00087687752376
2.25-2.5,1.2-1.4,0.000584702965454
2.25-2.5,1.4-1.6,0.00106269112072
2.25-2.5,1.4-1.6,0.000345864988253
2.25-2.5,1.4-1.6,0.000575388269712
2.25-2.5,1.4-1.6,0.000906835991816
2.25-2.5,1.2-1.4,0.000928774784138
2.25-2.5,1.2-1.4,0.00120573989728
2.25-2.5,1.2-1.4,0.000872096129256
2.25-2.5,1.0-1.2,0.000659139994456
2.25-2.5,1.0-1.2,0.000882381908502
2.25-2.5,0.8-1.0,0.000986825521907
2.25-2.5,0.8-1.0,0.000978778493753
2.25-2.5,0.6-0.8,0.0015081699772
2.25-2.5,0.6-0.8,0.00144408735812
2.25-2.5,0.4-0.6,0.000480679171088
2.25-2.5,0.4-0.6,0.000550066459104
2.25-2.5,0.2-0.4,0.000431781434101
2.25-2.5,0.2-0.4,0.000486875335162
2.25-2.5,0.2-0.4,0.000627955927898
2.25-2.5,0.0-0.2,0.000823320656832
2.25-2.5,0.0-0.2,0.00132028340692
2.25-2.5,0.0-0.2,0.00135258112878
2.5-2.75,0.0-0.2,0.00103470294041
2.5-2.75,0.0-0.2,0.000817483655271
2.5-2.75,0.0-0.2,0.00177816226866
2.5-2.75,0.2-0.4,0.00204110346095
2.5-2.75,0.4-0.6,0.0024631826168
2.5-2.75,0.4-0.6,0.00183573318752
2.5-2.75,0.6-0.8,0.000786640026683
2.5-2.75,0.8-1.0,0.000594638344978
2.5-2.75,0.8-1.0,0.000179188426474
2.5-2.75,1.0-1.2,0.000425217692612
2.5-2.75,1.0-1.2,0.00104597226037
2.5-2.75,1.2-1.4,0.000773623451117
2.5-2.75,1.2-1.4,0.000768302885413
2.5-2.75,1.2-1.4,0.000618266742184
2.5-2.75,1.2-1.4,0.000361509136328
2.5-2.75,1.4-1.6,0.000192767994834
2.5-2.75,1.4-1.6,0.000410995223318
2.5-2.75,1.4-1.6,0.000805998440621
2.5-2.75,1.4-1.6,0.00171745632033
2.5-2.75,1.2-1.4,0.00223423024295
2.5-2.75,1.2-1.4,0.00147926899507
2.5-2.75,1.0-1.2,0.0015727369809
2.5-2.75,1.0-1.2,0.000628944145353
2.5-2.75,1.0-1.2,0.000435577865993
2.5-2.75,0.8-1.0,0.000459687223823
2.5-2.75,0.8-1.0,0.000276436017342
2.5-2.75,0.6-0.8,0.000295672435953
2.5-2.75,0.6-0.8,0.000902370264555
2.5-2.75,0.4-0.6,0.00186375638871
2.5-2.75,0.4-0.6,0.00149022444764
2.5-2.75,0.2-0.4,0.00167364403299
2.5-2.75,0.2-0.4,0.000914377575541
2.5-2.75,0.0-0.2,0.000913795381301
2.5-2.75,0.0-0.2,0.00047218531142
2.25-2.5,0.0-0.2,0.000604995958993
2.25-2.5,0.0-0.2,0.000410513098514
2.5-2.75,0.0-0.2,0.000506970659021
2.5-2.75,0.0-0.2,0.000311777216782
2.5-2.75,0.2-0.4,0.00028597908015
2.5-2.75,0.2-0.4,0.000321022353792
2.5-2.75,0.4-0.6,0.000364664566071
2.5-2.75,0.4-0.6,0.000341670165569
2.5-2.75,0.6-0.8,0.000448917402127
2.5-2.75,0.6-0.8,0.000300201134281
2.5-2.75,0.6-0.8,0.000435617173723
2.5-2.75,0.8-1.0,0.000890174467969
2.5-2.75,0.8-1.0,0.000498612543384
2.5-2.75,1.0-1.2,0.000700627441957
2.5-2.75,1.0-1.2,0.0007437511776
2.5-2.75,1.2-1.4,0.000553466581092
2.5-2.75,1.2-1.4,0.000589964748752
2.5-2.75,1.4-1.6,0.000270585525689
2.5-2.75,1.4-1.6,0.00028279166169
2.5-2.75,1.4-1.6,0.000333929051739
2.5-2.75,1.4-1.6,0.000357917704416
2.5-2.75,1.4-1.6,0.000305588319447
2.5-2.75,1.2-1.4,0.0001888735528
2.5-2.75,1.2-1.4,0.000601751616579
2.5-2.75,1.0-1.2,0.000406631421162
2.5-2.75,1.0-1.2,0.000431209388101
2.5-2.75,0.8-1.0,0.000450071385518
2.5-2.75,0.8-1.0,0.000721212024721
2.5-2.75,0.6-0.8,0.000710367233749
2.5-2.75,0.6-0.8,0.000883508121965
2.5-2.75,0.4-0.6,0.000756842961833
2.5-2.75,0.4-0.6,0.000428390219586
2.5-2.75,0.2-0.4,0.000378535450424
2.5-2.75,0.2-0.4,0.000241810739455
2.5-2.75,0.0-0.2,0.000303101626479
2.5-2.75,0.0-0.2,0.000292367609534
2.5-2.75,0.0-0.2,0.000239532800992
2.75-3.0,0.0-0.2,0.00129946881369
2.75-3.0,0.0-0.2,0.00136853536994
2.75-3.0,0.2-0.4,0.000908806821105
2.5-2.75,0.2-0.4,0.00140574587871
2.5-2.75,0.4-0.6,0.000434197273478
2.5-2.75,0.6-0.8,0.000992714109247
2.5-2.75,0.6-0.8,0.000968323298372
2.5-2.75,0.8-1.0,0.00101152191424
2.5-2.75,0.8-1.0,0.000237025814196
2.5-2.75,1.0-1.2,0.000706169880471
2.5-2.75,1.0-1.2,0.000994942867394
2.5-2.75,1.2-1.4,0.00132495404962
2.5-2.75,1.2-1.4,0.000445719318135
2.5-2.75,1.4-1.6,0.00056171718757
2.5-2.75,1.4-1.6,0.00119924080265
2.5-2.75,1.4-1.6,0.00132816473224
2.5-2.75,1.4-1.6,0.00114568508515
2.5-2.75,1.2-1.4,0.00104808068805
2.5-2.75,1.2-1.4,0.000927346676978
2.5-2.75,1.0-1.2,0.000705187050079
2.5-2.75,1.0-1.2,0.000464901090027
2.5-2.75,0.8-1.0,0.000633261603705
2.5-2.75,0.8-1.0,0.000805449226081
2.5-2.75,0.6-0.8,0.000397774570479
2.5-2.75,0.6-0.8,0.000192879117071
2.5-2.75,0.4-0.6,0.000674698956619
2.5-2.75,0.4-0.6,0.000910736390357
2.5-2.75,0.2-0.4,0.000818639099636
2.5-2.75,0.2-0.4,0.000845223030605
2.5-2.75,0.0-0.2,0.000858446424589
2.5-2.75,0.0-0.2,0.00124313295923
2.5-2.75,0.0-0.2,0.00105071942854
2.75-3.0,0.0-0.2,0.00046934013209
2.75-3.0,0.0-0.2,0.000187921239838
2.75-3.0,0.2-0.4,0.000569702072814
2.75-3.0,0.4-0.6,0.000698874440928
2.75-3.0,0.4-0.6,0.00141050025043
2.75-3.0,0.6-0.8,0.00119375583019
2.75-3.0,0.6-0.8,0.000368627474335
2.75-3.0,0.8-1.0,0.000416581895797
2.75-3.0,0.8-1.0,0.000353652586847
2.75-3.0,1.0-1.2,0.000337626568747
2.75-3.0,1.0-1.2,0.000475678406217
2.75-3.0,1.2-1.4,0.00051097972549
2.75-3.0,1.2-1.4,0.000760954756543
2.75-3.0,1.2-1.4,0.000512928200802
2.75-3.0,1.4-1.6,0.000545917841858
2.75-3.0,1.4-1.6,0.000242716240358
2.75-3.0,1.4-1.6,8.6499865332e-05
2.75-3.0,1.2-1.4,0.000454692362983
2.75-3.0,1.2-1.4,0.000630489837029
2.75-3.0,1.0-1.2,0.000666063021778
2.5-2.75,1.0-1.2,0.000923223142573
2.5-2.75,1.0-1.2,0.00061508998606
2.5-2.75,0.8-1.0,0.000527597198086
2.5-2.75,0.6-0.8,0.00137545578077
2.5-2.75,0.6-0.8,0.00105508057151
2.5-2.75,0.6-0.8,0.000771641837814
2.5-2.75,0.4-0.6,0.000863728259037
2.5-2.75,0.4-0.6,0.000346901593015
2.5-2.75,0.4-0.6,0.000671269712699
2.5-2.75,0.2-0.4,0.000475018802354
2.5-2.75,0.2-0.4,0.000645739124812
2.5-2.75,0.0-0.2,0.000309552085493
2.5-2.75,0.0-0.2,0.000403567614468
2.5-2.75,0.0-0.2,0.000636265021844
2.5-2.75,0.0-0.2,0.000478981922797
2.75-3.0,0.0-0.2,0.00175507320894
2.75-3.0,0.0-0.2,0.00145601721673
2.75-3.0,0.2-0.4,0.0012455285086
2.75-3.0,0.4-0.6,0.00163685715764
2.75-3.0,0.6-0.8,0.00204683696742
2.75-3.0,0.6-0.8,0.00236777716203
2.75-3.0,0.8-1.0,0.00112816666994
2.75-3.0,0.8-1.0,0.000505141885701
2.75-3.0,1.0-1.2,0.000321960077119
2.75-3.0,1.0-1.2,0.000383926895688
2.75-3.0,1.2-1.4,0.000318249450734
2.75-3.0,1.2-1.4,0.0002709085028
2.75-3.0,1.4-1.6,0.000217006492665
2.75-3.0,1.4-1.6,0.000306898901932
2.75-3.0,1.4-1.6,0.000538001032454
2.75-3.0,1.4-1.6,0.000744492198033
2.75-3.0,1.4-1.6,0.000789060441091
2.75-3.0,1.2-1.4,0.000961424602554
2.75-3.0,1.2-1.4,0.000826247317626
2.75-3.0,1.0-1.2,0.000725292452801
2.75-3.0,1.0-1.2,0.00068657967278
2.75-3.0,0.8-1.0,0.000540681424825
2.75-3.0,0.8-1.0,0.000199666670337
2.75-3.0,0.6-0.8,0.000178877585129
2.75-3.0,0.6-0.8,0.000302517722465
2.75-3.0,0.6-0.8,0.000652844831391
2.75-3.0,0.4-0.6,0.00166567400864
2.75-3.0,0.4-0.6,0.00296735760747
2.75-3.0,0.2-0.4,0.00242015303913
2.75-3.0,0.2-0.4,0.00235431888144
2.75-3.0,0.0-0.2,0.00204911848845
2.75-3.0,0.0-0.2,0.001999305065
2.75-3.0,0.0-0.2,0.00235775083163
2.75-3.0,0.0-0.2,0.000414156493976
2.75-3.0,0.0-0.2,0.000664651053326
2.75-3.0,0.2-0.4,0.00077428904187
2.75-3.0,0.2-0.4,0.00030365874821
2.75-3.0,0.4-0.6,0.00040607937391
2.75-3.0,0.6-0.8,0.000598400932311
2.75-3.0,0.6-0.8,0.000562657122479
2.75-3.0,0.6-0.8,0.00129130588463
2.75-3.0,0.8-1.0,0.00105491476143
2.75-3.0,0.8-1.0,0.000701368494989
2.75-3.0,1.0-1.2,0.000544579885353
2.75-3.0,1.0-1.2,0.000808765023387
2.75-3.0,1.2-1.4,0.000600134213669
2.75-3.0,1.2-1.4,0.000833241390417
2.75-3.0,1.2-1.4,0.00107234867353
2.75-3.0,1.4-1.6,0.000585596656587
2.75-3.0,1.4-1.6,0.00106655780144
2.75-3.0,1.4-1.6,0.000618165709132
2.75-3.0,1.2-1.4,0.000302190534358
2.75-3.0,1.2-1.4,0.000235270546587
2.75-3.0,1.2-1.4,0.000261010897739
2.75-3.0,1.2-1.4,0.000243102451297
2.75-3.0,1.0-1.2,0.000245169207679
2.75-3.0,1.0-1.2,0.000232775761879
2.75-3.0,0.8-1.0,0.00020947715662
2.75-3.0,0.8-1.0,0.000813923109291
2.75-3.0,0.6-0.8,0.000571524897908
2.75-3.0,0.6-0.8,0.000747864083612
2.75-3.0,0.4-0.6,0.000705875947028
2.75-3.0,0.4-0.6,0.000774735013438
2.75-3.0,0.2-0.4,0.000226733344746
2.75-3.0,0.2-0.4,0.000308772028363
2.75-3.0,0.0-0.2,0.000257759662822
2.75-3.0,0.0-0.2,0.000279521148787
2.75-3.0,0.0-0.2,9.77902654991e-05
3.0-3.25,0.0-0.2,0.00115937501194
3.0-3.25,0.0-0.2,0.00109657520467
3.0-3.25,0.0-0.2,0.000484766390297
3.0-3.25,0.2-0.4,0.000595815670647
3.0-3.25,0.2-0.4,0.00070879510772
3.0-3.25,0.4-0.6,0.00114417989336
3.0-3.25,0.4-0.6,0.000676598962491
3.0-3.25,0.4-0.6,0.00111223604224
3.0-3.25,0.6-0.8,0.00174918664319
3.0-3.25,0.8-1.0,0.00065339774029
3.0-3.25,0.8-1.0,0.000162556283374
3.0-3.25,1.0-1.2,0.000432220639351
3.0-3.25,1.0-1.2,0.000446528412787
3.0-3.25,1.2-1.4,0.00032691173021
3.0-3.25,1.4-1.6,0.000285153020756
3.0-3.25,1.4-1.6,0.000376815226008
3.0-3.25,1.4-1.6,0.000572905739733
3.0-3.25,1.4-1.6,0.000734012964632
3.0-3.25,1.4-1.6,0.00153155018453
3.0-3.25,1.2-1.4,0.00196840664504
2.75-3.0,1.2-1.4,0.00165220428652
2.75-3.0,1.0-1.2,0.00134263451585
2.75-3.0,1.0-1.2,0.00107325519597
2.75-3.0,0.8-1.0,0.000773274858542
2.75-3.0,0.8-1.0,0.000662270353824
2.75-3.0,0.6-0.8,0.000284348073433
2.75-3.0,0.6-0.8,0.000393450042413
2.75-3.0,0.4-0.6,0.000242608386218
2.75-3.0,0.4-0.6,0.000288931588633
2.75-3.0,0.4-0.6,0.000542144608259
2.75-3.0,0.2-0.4,0.000620436747199
2.75-3.0,0.2-0.4,0.000977747899516
2.75-3.0,0.0-0.2,0.00147738975674
2.75-3.0,0.0-0.2,0.00113637974367
2.75-3.0,0.0-0.2,0.00154241777152
3.0-3.25,0.0-0.2,0.000363580596352
3.0-3.25,0.0-0.2,0.000315698841905
3.0-3.25,0.0-0.2,0.000287544012195
3.0-3.25,0.0-0.2,0.00023964266377
3.0-3.25,0.2-0.4,0.000337836740382
3.0-3.25,0.2-0.4,0.00046514132614
3.0-3.25,0.4-0.6,0.000722930161327
3.0-3.25,0.4-0.6,0.000956055956917
3.0-3.25,0.6-0.8,0.00072512902633
3.0-3.25,0.6-0.8,0.000624109910031
3.0-3.25,0.8-1.0,0.000305518236606
3.0-3.25,1.0-1.2,0.000574092462197
3.0-3.25,1.0-1.2,0.000232062645258
3.0-3.25,1.2-1.4,0.000480734796523
3.0-3.25,1.2-1.4,0.000549886327954
3.0-3.25,1.4-1.6,0.000408877658227
3.0-3.25,1.4-1.6,0.000429671311307
3.0-3.25,1.4-1.6,0.000385891517331
3.0-3.25,1.4-1.6,0.000246038396086
3.0-3.25,1.4-1.6,0.000630248696813
3.0-3.25,1.2-1.4,0.000686506629858
3.0-3.25,1.2-1.4,0.000831396062859
3.0-3.25,0.8-1.0,0.000432888113555
3.0-3.25,0.8-1.0,0.000205152169703
3.0-3.25,0.8-1.0,0.000307672701908
3.0-3.25,0.6-0.8,0.000387048777878
3.0-3.25,0.6-0.8,0.000308155034386
3.0-3.25,0.4-0.6,0.00101630877025
3.0-3.25,0.4-0.6,0.000916095970806
3.0-3.25,0.2-0.4,0.000759585418466
2.75-3.0,0.0-0.2,0.00119054714407
2.75-3.0,0.2-0.4,0.000340327060937
2.75-3.0,0.2-0.4,0.000782776485336
2.75-3.0,0.0-0.2,0.000980376518643
2.75-3.0,0.0-0.2,0.000931310923401
3.0-3.25,0.0-0.2,0.000175210741124
3.0-3.25,0.0-0.2,0.000529089816604
3.0-3.25,0.0-0.2,0.00025812635501
3.0-3.25,0.2-0.4,0.000443068650006
3.0-3.25,0.2-0.4,0.000373537444252
3.0-3.25,0.4-0.6,0.000376260372484
3.0-3.25,0.6-0.8,0.000224407064
3.0-3.25,0.6-0.8,0.000427776484237
3.0-3.25,0.8-1.0,0.000453913327853
3.0-3.25,0.8-1.0,0.000274492580859
3.0-3.25,1.0-1.2,0.000355584973446
3.0-3.25,1.0-1.2,0.00041508324578
3.0-3.25,1.2-1.4,0.000366529303508
3.0-3.25,1.2-1.4,0.000286965526696
3.0-3.25,1.4-1.6,0.000663388597111
3.0-3.25,1.4-1.6,0.00065248779392
3.0-3.25,1.4-1.6,0.000597970388904
3.0-3.25,1.4-1.6,0.00091562269299
3.0-3.25,1.2-1.4,0.00154842917275
3.0-3.25,1.2-1.4,0.000410394065156
3.0-3.25,1.0-1.2,0.000518204299653
3.0-3.25,1.0-1.2,0.000608300878098
3.0-3.25,0.8-1.0,0.000307403939304
3.0-3.25,0.8-1.0,0.000769903364353
3.0-3.25,0.6-0.8,0.000769591216542
3.0-3.25,0.6-0.8,0.00135820684505
3.0-3.25,0.4-0.6,0.0013625376186
3.0-3.25,0.4-0.6,0.0018395191095
3.0-3.25,0.4-0.6,0.00138492590476
3.0-3.25,0.2-0.4,0.000968394237973
3.0-3.25,0.2-0.4,0.00121767310482
3.0-3.25,0.2-0.4,0.000852319750364
3.0-3.25,0.0-0.2,0.000432448785914
3.0-3.25,0.0-0.2,0.00063725255036
3.0-3.25,0.0-0.2,0.000689829155975
3.25-3.5,0.0-0.2,0.000463550536735
3.25-3.5,0.0-0.2,0.000406646672631
3.25-3.5,0.2-0.4,0.000685556049296
3.25-3.5,0.2-0.4,0.000362172766492
3.25-3.5,0.2-0.4,0.000520072283528
3.25-3.5,0.4-0.6,0.000551508752682
3.25-3.5,0.4-0.6,0.000458517738486
3.25-3.5,0.6-0.8,0.00037335472855
3.0-3.25,0.6-0.8,0.000416597782999
3.0-3.25,0.6-0.8,0.000435839583231
3.0-3.25,0.8-1.0,0.00108508160738
3.0-3.25,1.0-1.2,0.000441696143659
3.0-3.25,1.0-1.2,0.000258015515977
3.0-3.25,1.2-1.4,0.000390777523706
3.0-3.25,1.2-1.4,0.000567357262025
3.0-3.25,1.4-1.6,0.000591529748459
3.0-3.25,1.4-1.6,0.000296040077071
3.0-3.25,1.4-1.6,0.000313882686348
3.0-3.25,1.2-1.4,0.000955647667205
3.0-3.25,1.2-1.4,0.000675202582012
3.0-3.25,1.0-1.2,0.000357102394285
3.0-3.25,1.0-1.2,0.00024282456411
3.0-3.25,0.8-1.0,0.000208115186207
3.0-3.25,0.8-1.0,0.000775573453069
3.0-3.25,0.6-0.8,0.000742424052658
3.0-3.25,0.6-0.8,0.00049453010108
3.0-3.25,0.4-0.6,0.000713890651187
3.0-3.25,0.4-0.6,0.000437468445474
3.0-3.25,0.2-0.4,0.0002915005563
3.0-3.25,0.2-0.4,0.000637420174863
3.0-3.25,0.0-0.2,0.00103493929943
3.0-3.25,0.0-0.2,0.000852305109299
3.0-3.25,0.0-0.2,0.0005517345719
3.25-3.5,0.0-0.2,0.00117784185593
3.25-3.5,0.0-0.2,0.00088881691612
3.25-3.5,0.2-0.4,0.000962614325327
3.25-3.5,0.2-0.4,0.00110419174581
3.25-3.5,0.4-0.6,0.00124038823503
3.25-3.5,0.4-0.6,0.00107948457442
3.25-3.5,0.6-0.8,0.00115217075616
3.25-3.5,0.6-0.8,0.00141085282594
3.25-3.5,0.8-1.0,0.000382212604069
3.25-3.5,0.8-1.0,0.000380775729547
3.25-3.5,1.0-1.2,0.000798325769759
3.25-3.5,1.0-1.2,0.000547224648016
3.25-3.5,1.2-1.4,0.00029622402661
3.25-3.5,1.4-1.6,0.000432830427383
3.25-3.5,1.4-1.6,0.000172346808387
3.25-3.5,1.4-1.6,0.000487253463977
3.25-3.5,1.4-1.6,0.0004703610554
3.25-3.5,1.4-1.6,0.000914162389067
3.25-3.5,1.2-1.4,0.00102099084606
3.25-3.5,1.2-1.4,0.00144547048882
3.25-3.5,1.2-1.4,0.000774739866311
3.25-3.5,1.0-1.2,0.000574307428027
3.25-3.5,1.0-1.2,0.000908976449773
3.25-3.5,1.0-1.2,0.000980559723237
3.25-3.5,0.8-1.0,0.000412062616757
3.25-3.5,0.8-1.0,0.000243343959454
3.0-3.25,0.6-0.8,0.000270342797199
3.0-3.25,0.4-0.6,0.00106336181388
3.0-3.25,0.4-0.6,0.00101813918044
3.0-3.25,0.2-0.4,0.00132346928655
3.0-3.25,0.2-0.4,0.00187339659003
3.0-3.25,0.0-0.2,0.0012980896374
3.0-3.25,0.0-0.2,0.00204065098681
3.0-3.25,0.0-0.2,0.00112617214151
3.0-3.25,0.0-0.2,0.00141635547534
3.25-3.5,0.0-0.2,0.000333164403352
3.25-3.5,0.0-0.2,0.000348672948662
3.25-3.5,0.2-0.4,0.000820506257538
3.25-3.5,0.2-0.4,0.000447199255993
3.25-3.5,0.4-0.6,0.000202632435751
3.25-3.5,0.4-0.6,0.000396558171428
3.25-3.5,0.6-0.8,0.000291141316665
3.25-3.5,0.6-0.8,0.000233567441424
3.25-3.5,0.8-1.0,0.000579899046859
3.25-3.5,0.8-1.0,0.000450832305165
3.25-3.5,1.0-1.2,0.000758545286024
3.25-3.5,1.2-1.4,0.00077787117217
3.25-3.5,1.2-1.4,0.000611577083813
3.25-3.5,1.2-1.4,0.000443208930233
3.25-3.5,1.4-1.6,0.000255591293729
3.25-3.5,1.4-1.6,0.000268495347649
3.25-3.5,1.4-1.6,0.000340715309463
3.25-3.5,1.2-1.4,0.00025341416244
3.25-3.5,1.2-1.4,0.000271351694036
3.25-3.5,1.2-1.4,0.00042666866567
3.25-3.5,1.0-1.2,0.000369654326365
3.25-3.5,0.8-1.0,0.00034022367672
3.25-3.5,0.8-1.0,0.000357997994941
3.25-3.5,0.8-1.0,0.000507600470779
3.25-3.5,0.6-0.8,0.000796655239832
3.25-3.5,0.6-0.8,0.000714489979039
3.25-3.5,0.4-0.6,0.000564931305072
3.25-3.5,0.4-0.6,0.000641357372727
3.25-3.5,0.2-0.4,0.000272020556197
3.25-3.5,0.2-0.4,0.000510030925785
3.25-3.5,0.2-0.4,0.000398407221093
3.25-3.5,0.0-0.2,0.000256381570886
3.25-3.5,0.0-0.2,0.000226612010916
3.25-3.5,0.0-0.2,0.000486407840355
3.25-3.5,0.0-0.2,0.000774843885802
3.25-3.5,0.0-0.2,0.00105844672499
3.25-3.5,0.2-0.4,0.000895474406662
3.25-3.5,0.2-0.4,0.00116405176036
3.25-3.5,0.4-0.6,0.0008095719493
3.25-3.5,0.4-0.6,0.000780792399488
3.25-3.5,0.6-0.8,0.000222060436963
3.25-3.5,0.6-0.8,0.000493905268051
3.25-3.5,0.8-1.0,0.000206509870911
3.25-3.5,0.8-1.0,0.000694465817615
3.25-3.5,1.0-1.2,0.000637694827707
3.25-3.5,1.0-1.2,0.00107835281556
3.25-3.5,1.2-1.4,0.000995975892507
3.25-3.5,1.2-1.4,0.000436800708197
3.25-3.5,1.2-1.4,0.000383158762174
3.25-3.5,1.4-1.6,0.000185223544684
3.25-3.5,1.4-1.6,0.000665683433983
3.25-3.5,1.4-1.6,0.000681699654679
3.25-3.5,1.4-1.6,0.00167831958166
3.25-3.5,1.4-1.6,0.00160556482354
3.25-3.5,1.2-1.4,0.00207420431627
3.25-3.5,1.2-1.4,0.00153613971006
3.25-3.5,1.2-1.4,0.00135616746935
3.25-3.5,1.0-1.2,0.00106140888964
3.25-3.5,1.0-1.2,0.00103509313587
3.25-3.5,1.0-1.2,0.000962692509243
3.25-3.5,0.8-1.0,0.00108658614876
3.25-3.5,0.8-1.0,0.000507958958577
3.25-3.5,0.6-0.8,0.000443686323294
3.25-3.5,0.6-0.8,0.000546849929628
3.25-3.5,0.6-0.8,0.000479121319379
3.25-3.5,0.4-0.6,0.000773595315476
3.25-3.5,0.4-0.6,0.000782777154876
3.25-3.5,0.2-0.4,0.00103526912378
3.25-3.5,0.2-0.4,0.00103198335377
3.25-3.5,0.0-0.2,0.000948547538666
3.25-3.5,0.0-0.2,0.000842563857069
3.25-3.5,0.0-0.2,0.00119208129906
3.25-3.5,0.0-0.2,0.000705183345675
3.25-3.5,0.0-0.2,0.000599279330957
3.5-3.75,0.0-0.2,0.000674489697716
3.5-3.75,0.0-0.2,0.000924124145923
3.5-3.75,0.0-0.2,0.000691258374634
3.5-3.75,0.2-0.4,0.000723671727566
3.5-3.75,0.2-0.4,0.000512045788771
3.5-3.75,0.2-0.4,0.000470317791276
3.5-3.75,0.4-0.6,0.000536692818147
3.5-3.75,0.4-0.6,0.00056589451432
3.5-3.75,0.6-0.8,0.000740880894246
3.5-3.75,0.6-0.8,0.000332569578104
3.5-3.75,0.6-0.8,0.000809033799832
3.5-3.75,0.8-1.0,0.000680262180386
3.5-3.75,0.8-1.0,0.00101652905428
3.5-3.75,0.8-1.0,0.000510570294608
3.5-3.75,1.0-1.2,0.000788748297588
3.5-3.75,1.0-1.2,0.000854297680516
3.5-3.75,1.2-1.4,0.000615395795032
3.5-3.75,1.2-1.4,0.000480826399156
3.5-3.75,1.4-1.6,0.000390228719237
3.5-3.75,1.4-1.6,0.000674580068429
3.5-3.75,1.4-1.6,0.000598067645239
3.5-3.75,1.4-1.6,0.000450573917663
3.5-3.75,1.2-1.4,0.000505526083781
3.5-3.75,1.2-1.4,0.000459428330185
3.5-3.75,1.2-1.4,0.000363695300563
3.25-3.5,1.2-1.4,0.000394359600064
3.25-3.5,1.0-1.2,0.000465232707396
3.25-3.5,1.0-1.2,0.000485969194379
3.25-3.5,0.8-1.0,0.000384871783026
3.25-3.5,0.8-1.0,0.000600336430747
3.25-3.5,0.8-1.0,0.000486103008729
3.25-3.5,0.6-0.8,0.00135196284611
3.25-3.5,0.6-0.8,0.00111452903979
3.25-3.5,0.4-0.6,0.00127828725793
3.25-3.5,0.4-0.6,0.00130142058963
3.25-3.5,0.4-0.6,0.00127107900366
3.25-3.5,0.2-0.4,0.00140407024769
3.25-3.5,0.2-0.4,0.00114610426171
3.25-3.5,0.2-0.4,0.00143684373305
3.25-3.5,0.0-0.2,0.00154325829575
3.25-3.5,0.0-0.2,0.00135853389243
3.25-3.5,0.0-0.2,0.00154534573461
3.25-3.5,0.0-0.2,0.000878786211993
3.25-3.5,0.0-0.2,0.00179273694039
3.5-3.75,0.0-0.2,0.000854876069991
3.5-3.75,0.0-0.2,0.000507769769873
3.5-3.75,0.2-0.4,0.000614499755046
3.5-3.75,0.2-0.4,0.000510019975065
3.5-3.75,0.2-0.4,0.000966209124524
3.5-3.75,0.4-0.6,0.000975248328984
3.5-3.75,0.4-0.6,0.000840859570241
3.5-3.75,0.6-0.8,0.000671019359726
3.5-3.75,0.6-0.8,0.000644990633586
3.5-3.75,0.8-1.0,0.000525919982481
3.5-3.75,0.8-1.0,0.000527322299243
3.5-3.75,1.0-1.2,0.000375564993399
3.5-3.75,1.2-1.4,0.000176809629861
3.5-3.75,1.2-1.4,0.000399316544994
3.5-3.75,1.4-1.6,0.000271094204143
3.5-3.75,1.4-1.6,0.000568570514769
3.5-3.75,1.4-1.6,0.000484301835963
3.5-3.75,1.4-1.6,0.000804380640839
3.5-3.75,1.2-1.4,0.000907653988795
3.5-3.75,1.2-1.4,0.0013812466618
3.5-3.75,1.2-1.4,0.000778555333539
3.5-3.75,1.0-1.2,0.000419242620002
3.5-3.75,1.0-1.2,0.00116778784759
3.5-3.75,0.8-1.0,0.00127370708674
3.5-3.75,0.8-1.0,0.000708003452943
3.5-3.75,0.8-1.0,0.00144027271812
3.5-3.75,0.6-0.8,0.000546739063867
3.5-3.75,0.6-0.8,0.00112888311451
3.5-3.75,0.4-0.6,0.000597878001604
3.5-3.75,0.2-0.4,0.000464295691904
3.5-3.75,0.2-0.4,0.000622182625029
3.5-3.75,0.2-0.4,0.00102284292631
3.5-3.75,0.2-0.4,0.000606479392237
3.5-3.75,0.0-0.2,0.00114033661355
3.5-3.75,0.0-0.2,0.00170901363659
3.5-3.75,0.0-0.2,0.00135544052261
3.5-3.75,0.0-0.2,0.000612721679933
3.5-3.75,0.0-0.2,0.000406468324363
3.5-3.75,0.2-0.4,0.000499521192211
3.5-3.75,0.2-0.4,0.000398167038802
3.5-3.75,0.4-0.6,0.000314656660832
3.5-3.75,0.4-0.6,0.000327517937339
3.5-3.75,0.6-0.8,0.000496808517907
3.5-3.75,0.6-0.8,0.000459885045394
3.5-3.75,0.6-0.8,0.000414029676818
3.5-3.75,0.8-1.0,0.000319373423074
3.5-3.75,0.8-1.0,0.00027268734689
3.5-3.75,1.0-1.2,0.000387005087075
3.5-3.75,1.0-1.2,0.000657761091518
3.5-3.75,1.0-1.2,0.000802088981362
3.5-3.75,1.2-1.4,0.000576110223
3.5-3.75,1.4-1.6,0.000581755978191
3.5-3.75,1.4-1.6,0.000295772471096
3.5-3.75,1.4-1.6,0.000692844688527
3.5-3.75,1.4-1.6,0.000779333653754
3.5-3.75,1.4-1.6,0.000720877414309
3.5-3.75,1.2-1.4,0.000462177341444
3.5-3.75,1.2-1.4,0.000465974765341
3.5-3.75,1.2-1.4,0.000295089414944
3.5-3.75,1.0-1.2,0.000501899209644
3.5-3.75,1.0-1.2,0.000371119054842
3.5-3.75,0.8-1.0,0.000371261541513
3.5-3.75,0.8-1.0,0.000409199573426
3.5-3.75,0.8-1.0,0.000495755686796
3.5-3.75,0.6-0.8,0.000832004663922
3.5-3.75,0.4-0.6,0.000751477899237
3.5-3.75,0.4-0.6,0.000658381307859
3.5-3.75,0.2-0.4,0.000405588537429
3.5-3.75,0.2-0.4,0.00079453047699
3.5-3.75,0.0-0.2,0.00118801536788
3.5-3.75,0.0-0.2,0.000733064615334
3.5-3.75,0.0-0.2,0.00069605254781
3.75-4.0,0.0-0.2,0.000315850916748
3.75-4.0,0.0-0.2,0.000223013401631
3.75-4.0,0.2-0.4,0.000520995393585
3.75-4.0,0.2-0.4,0.000465725018691
3.75-4.0,0.4-0.6,0.00101388297793
3.75-4.0,0.6-0.8,0.000965900030732
3.75-4.0,0.6-0.8,0.00102618339515
3.75-4.0,0.8-1.0,0.000550744791648
3.75-4.0,1.0-1.2,0.000403101224419
3.75-4.0,1.0-1.2,0.000337244731885
3.75-4.0,1.2-1.4,0.000416331361848
3.75-4.0,1.2-1.4,0.000373221727516
3.75-4.0,1.4-1.6,0.000433414592739
3.75-4.0,1.4-1.6,0.000276672822769
3.75-4.0,1.4-1.6,0.000468456467424
3.75-4.0,1.4-1.6,0.000648606606282
3.75-4.0,1.2-1.4,0.000989602418299
3.5-3.75,1.2-1.4,0.000782001626945
3.5-3.75,1.0-1.2,0.00098798892691
3.5-3.75,1.0-1.2,0.00049019757171
3.5-3.75,0.8-1.0,0.000562692068654
3.5-3.75,0.8-1.0,0.000512980301129
3.5-3.75,0.8-1.0,0.000561465382819
3.5-3.75,0.6-0.8,0.000401143794184
3.5-3.75,0.6-0.8,0.00035149051917
3.5-3.75,0.6-0.8,0.000362704117069
3.5-3.75,0.4-0.6,0.00020865295325
3.5-3.75,0.4-0.6,0.000528463320209
3.5-3.75,0.2-0.4,0.000851308330351
3.5-3.75,0.2-0.4,0.000796831409326
3.5-3.75,0.2-0.4,0.00138656393252
3.5-3.75,0.2-0.4,0.00125564134704
3.5-3.75,0.0-0.2,0.000633450381629
3.5-3.75,0.0-0.2,0.000882710945212
3.5-3.75,0.0-0.2,0.00151300431304
3.75-4.0,0.0-0.2,0.000681389961435
3.75-4.0,0.0-0.2,0.000646979089979
3.75-4.0,0.0-0.2,0.000620413294438
3.75-4.0,0.2-0.4,0.000685079509487
3.75-4.0,0.2-0.4,0.000905776860958
3.75-4.0,0.2-0.4,0.00061502967134
3.75-4.0,0.4-0.6,0.00053677967859
3.75-4.0,0.4-0.6,0.000440629012309
3.75-4.0,0.6-0.8,0.000491017555379
3.75-4.0,0.6-0.8,0.000608388727168
3.75-4.0,0.8-1.0,0.000281064021444
3.75-4.0,1.0-1.2,0.000335898862076
3.75-4.0,1.0-1.2,0.000236690348723
3.75-4.0,1.0-1.2,0.000340184229377
3.75-4.0,1.2-1.4,0.000884493004066
3.75-4.0,1.2-1.4,0.000812270062449
3.75-4.0,1.4-1.6,0.000440225935133
3.75-4.0,1.4-1.6,0.000382285132221
3.75-4.0,1.4-1.6,0.000504979609592
3.75-4.0,1.4-1.6,0.000268792034592
3.75-4.0,1.2-1.4,0.00032765429081
3.75-4.0,1.2-1.4,0.000374630340013
3.75-4.0,1.2-1.4,0.000305864788542
3.75-4.0,1.0-1.2,0.000349606970162
3.75-4.0,1.0-1.2,0.000432187249368
3.75-4.0,1.0-1.2,0.000441017149879
3.75-4.0,0.8-1.0,0.000344351835608
3.75-4.0,0.8-1.0,0.000352293765551
3.75-4.0,0.6-0.8,0.000455197929141
3.75-4.0,0.6-0.8,0.000439512409498
3.75-4.0,0.4-0.6,0.000825851860683
3.75-4.0,0.4-0.6,0.000945247546203
3.75-4.0,0.4-0.6,0.00118016385617
3.75-4.0,0.2-0.4,0.000759293643517
3.75-4.0,0.2-0.4,0.000765369435586
3.75-4.0,0.0-0.2,0.000591101232434
3.75-4.0,0.0-0.2,0.000941307072136
3.75-4.0,0.0-0.2,0.00104869283446
3.75-4.0,0.0-0.2,0.000720577812396
3.75-4.0,0.0-0.2,0.000541063226443
3.75-4.0,0.0-0.2,0.000260617056224
3.75-4.0,0.2-0.4,0.00028703727672
3.75-4.0,0.2-0.4,0.000320629965763
3.75-4.0,0.4-0.6,0.000165059756599
3.75-4.0,0.4-0.6,0.000266014470427
3.75-4.0,0.6-0.8,0.000273751595628
3.75-4.0,0.6-0.8,0.00029236775882
3.75-4.0,0.8-1.0,0.000488495539719
3.75-4.0,0.8-1.0,0.000517518104528
3.75-4.0,1.0-1.2,0.000419660103903
3.75-4.0,1.0-1.2,0.000501979324177
3.75-4.0,1.2-1.4,0.000557729672017
3.75-4.0,1.2-1.4,0.000212033961533
3.75-4.0,1.4-1.6,0.000303029670755
3.75-4.0,1.4-1.6,0.000198694267912
3.75-4.0,1.4-1.6,0.000566717967507
3.75-4.0,1.4-1.6,0.000489052533903
3.75-4.0,1.2-1.4,0.000338946566804
3.75-4.0,1.2-1.4,0.000755052077629
3.75-4.0,1.2-1.4,0.000821541283277
3.75-4.0,1.0-1.2,0.000415526848773
3.75-4.0,1.0-1.2,0.000691786296179
3.75-4.0,0.8-1.0,0.000460072245854
3.75-4.0,0.8-1.0,0.000614087044398
3.75-4.0,0.6-0.8,0.000593165895758
3.75-4.0,0.6-0.8,0.000435704990423
3.75-4.0,0.4-0.6,0.000328080123999
3.75-4.0,0.4-0.6,0.000220363548971
3.75-4.0,0.2-0.4,0.000610167025565
3.75-4.0,0.2-0.4,0.000513753258983
3.75-4.0,0.0-0.2,0.000367174474451
3.75-4.0,0.0-0.2,0.000798503952596
3.75-4.0,0.0-0.2,0.000460115271781
4.0-4.25,0.0-0.2,0.000595763661862
4.0-4.25,0.0-0.2,0.00064689517289
4.0-4.25,0.0-0.2,0.000506822011701
4.0-4.25,0.2-0.4,0.000546382594076
4.0-4.25,0.2-0.4,0.0010729226332
4.0-4.25,0.4-0.6,0.000514511498596
4.0-4.25,0.4-0.6,0.000416683751334
4.0-4.25,0.4-0.6,0.000512660445244
4.0-4.25,0.6-0.8,0.000468589116948
4.0-4.25,0.6-0.8,0.000637140055081
4.0-4.25,0.8-1.0,0.00031906735192
4.0-4.25,0.8-1.0,0.000271662182808
4.0-4.25,1.0-1.2,0.00024840160881
4.0-4.25,1.0-1.2,0.00086002111834
4.0-4.25,1.2-1.4,0.000803772511236
4.0-4.25,1.2-1.4,0.000346014568492
4.0-4.25,1.4-1.6,0.000763293380209
4.0-4.25,1.4-1.6,0.000734464682203
4.0-4.25,1.4-1.6,0.000774213016373
3.75-4.0,1.4-1.6,0.000611265345255
3.75-4.0,1.2-1.4,0.000469208959455
3.75-4.0,1.2-1.4,0.000442249190525
3.75-4.0,1.2-1.4,0.000347048991801
3.75-4.0,1.0-1.2,0.0002637822504
3.75-4.0,1.0-1.2,0.00059373519273
3.75-4.0,0.8-1.0,0.000589022791788
3.75-4.0,0.8-1.0,0.000524920434083
3.75-4.0,0.8-1.0,0.000581020968195
3.75-4.0,0.6-0.8,0.000407021434372
3.75-4.0,0.6-0.8,0.000228947957932
3.75-4.0,0.4-0.6,0.000132096888811
3.75-4.0,0.4-0.6,0.000325311515804
3.75-4.0,0.4-0.6,0.000375205441104
3.75-4.0,0.2-0.4,0.000435048409289
3.75-4.0,0.2-0.4,0.000464460765993
3.75-4.0,0.2-0.4,0.000222725436848
3.75-4.0,0.0-0.2,0.000233183738079
3.75-4.0,0.0-0.2,0.000430527319313
4.0-4.25,0.0-0.2,0.000404017798234
4.0-4.25,0.0-0.2,0.000256074963194
4.0-4.25,0.2-0.4,0.000285101737552
4.0-4.25,0.2-0.4,0.000539435879329
4.0-4.25,0.2-0.4,0.000438030366607
4.0-4.25,0.4-0.6,0.00066114414909
4.0-4.25,0.4-0.6,0.00120170820191
4.0-4.25,0.6-0.8,0.000938425758663
4.0-4.25,0.6-0.8,0.000605156772749
4.0-4.25,0.6-0.8,0.000480132932016
4.0-4.25,0.8-1.0,0.000177981662889
4.0-4.25,0.8-1.0,0.00033827711349
4.0-4.25,1.0-1.2,0.000331093308616
4.0-4.25,1.0-1.2,0.000499625206904
4.0-4.25,1.2-1.4,0.000224149715125
4.0-4.25,1.2-1.4,0.000281134631455
4.0-4.25,1.4-1.6,0.000509882562599
4.0-4.25,1.4-1.6,0.000540065903287
4.0-4.25,1.4-1.6,0.000560708093575
4.0-4.25,1.4-1.6,0.000901468236929
4.0-4.25,1.2-1.4,0.000844877715008
4.0-4.25,1.2-1.4,0.000804173843928
4.0-4.25,1.2-1.4,0.000486410475526
4.0-4.25,1.0-1.2,0.000934437185353
4.0-4.25,1.0-1.2,0.000643958774166
4.0-4.25,0.8-1.0,0.000452854221506
4.0-4.25,0.8-1.0,0.000634306621269
4.0-4.25,0.6-0.8,0.000600853646821
4.0-4.25,0.6-0.8,0.00038961068382
4.0-4.25,0.4-0.6,0.0006233186909
4.0-4.25,0.4-0.6,0.000500224969718
4.0-4.25,0.4-0.6,0.00103260600245
4.0-4.25,0.2-0.4,0.000793127726783
4.0-4.25,0.2-0.4,0.000479062863075
4.0-4.25,0.2-0.4,0.000858625365658
4.0-4.25,0.0-0.2,0.0010560480199
4.0-4.25,0.0-0.2,0.000501037466817
4.0-4.25,0.0-0.2,0.000472093601578
4.0-4.25,0.0-0.2,0.000417034020296
4.0-4.25,0.0-0.2,0.00054034701524
4.0-4.25,0.2-0.4,0.000807067691625
4.0-4.25,0.2-0.4,0.000955949665002
4.0-4.25,0.4-0.6,0.000995747820705
4.0-4.25,0.6-0.8,0.000469128415548
4.0-4.25,0.6-0.8,0.00075202066973
4.0-4.25,0.8-1.0,0.000569076326643
4.0-4.25,0.8-1.0,0.000274498354949
4.0-4.25,1.0-1.2,0.000373961548412
4.0-4.25,1.0-1.2,0.000778784799871
4.0-4.25,1.2-1.4,0.000391446156114
4.0-4.25,1.2-1.4,0.000178011468678
4.0-4.25,1.4-1.6,0.000175282660765
4.0-4.25,1.4-1.6,0.000708205822584
4.0-4.25,1.4-1.6,0.0010328560163
4.0-4.25,1.2-1.4,0.00140008787289
4.0-4.25,1.2-1.4,0.000821449064586
4.0-4.25,1.2-1.4,0.00115252917387
4.0-4.25,1.0-1.2,0.000751651863779
4.0-4.25,1.0-1.2,0.000638126913672
4.0-4.25,1.0-1.2,0.000482721680925
4.0-4.25,0.8-1.0,0.000615246850888
4.0-4.25,0.8-1.0,0.000453426963984
4.0-4.25,0.8-1.0,0.000339304689848
4.0-4.25,0.6-0.8,0.000407968250885
4.0-4.25,0.6-0.8,0.000628919468045
4.0-4.25,0.4-0.6,0.00124418260209
4.0-4.25,0.4-0.6,0.00101866813907
4.0-4.25,0.2-0.4,0.000818965515953
4.0-4.25,0.0-0.2,0.000947139133748
4.0-4.25,0.0-0.2,0.000654926461136
4.0-4.25,0.0-0.2,0.00118656877678
4.0-4.25,0.0-0.2,0.00128536296008
4.25-4.5,0.0-0.2,0.000215141577581
4.25-4.5,0.0-0.2,0.00041469253609
4.25-4.5,0.2-0.4,0.000577892019739
4.25-4.5,0.2-0.4,0.000761001833411
4.25-4.5,0.4-0.6,0.000492481713828
4.25-4.5,0.4-0.6,0.000430079756766
4.25-4.5,0.6-0.8,0.000381622691365
4.0-4.25,0.6-0.8,0.000364163601712
4.25-4.5,0.8-1.0,0.000793641425078
4.0-4.25,0.8-1.0,0.000257755540468
4.0-4.25,1.0-1.2,0.000344826945566
4.0-4.25,1.0-1.2,0.000364940260023
4.0-4.25,1.2-1.4,0.000444136348989
4.0-4.25,1.2-1.4,0.000308790986351
4.0-4.25,1.4-1.6,0.000465394762611
4.0-4.25,1.4-1.6,0.000469758991838
4.0-4.25,1.2-1.4,0.000431805490241
4.0-4.25,1.2-1.4,0.000410743722905
4.0-4.25,1.2-1.4,0.000423224277858
4.0-4.25,1.0-1.2,0.000305066819606
4.0-4.25,1.0-1.2,0.00050860535199
4.0-4.25,0.8-1.0,0.00045632535527
4.0-4.25,0.8-1.0,0.000841837365862
4.0-4.25,0.6-0.8,0.00137996881701
4.0-4.25,0.6-0.8,0.00126634950804
4.0-4.25,0.4-0.6,0.000589127149878
4.0-4.25,0.4-0.6,0.000397020604303
4.0-4.25,0.2-0.4,0.000565017222313
4.0-4.25,0.2-0.4,0.000394694611931
4.0-4.25,0.0-0.2,0.00102238530833
4.0-4.25,0.0-0.2,0.000566529209202
4.0-4.25,0.0-0.2,0.000596204249379
4.25-4.5,0.0-0.2,0.000382575484399
4.25-4.5,0.0-0.2,0.000525530377165
4.25-4.5,0.2-0.4,0.000587095887094
4.25-4.5,0.4-0.6,0.000566347651233
4.25-4.5,0.4-0.6,0.00077963347349
4.25-4.5,0.6-0.8,0.000772499799973
4.25-4.5,0.6-0.8,0.000473888992534
4.25-4.5,0.8-1.0,0.000283915311211
4.25-4.5,0.8-1.0,0.000265662041473
4.25-4.5,1.0-1.2,0.000266179167296
4.25-4.5,1.0-1.2,0.000452097671557
4.25-4.5,1.2-1.4,0.000841294679627
4.25-4.5,1.2-1.4,0.000284873276603
4.25-4.5,1.4-1.6,0.000475350736911
4.25-4.5,1.4-1.6,0.000467385362018
4.25-4.5,1.4-1.6,0.000534499755254
4.25-4.5,1.4-1.6,0.00109836383065
4.25-4.5,1.2-1.4,0.00066544600231
4.25-4.5,1.2-1.4,0.000367206717166
4.25-4.5,1.2-1.4,0.000281083225428
4.25-4.5,1.0-1.2,0.000487997158077
4.25-4.5,1.0-1.2,0.000253492218257
4.25-4.5,0.8-1.0,0.000554918643697
4.25-4.5,0.8-1.0,0.000659501281824
4.25-4.5,0.8-1.0,0.000798395435694
4.25-4.5,0.6-0.8,0.00078553539555
4.0-4.25,0.6-0.8,0.000329039041187
4.0-4.25,0.4-0.6,0.0002558410733
4.0-4.25,0.4-0.6,0.000642214130197
4.0-4.25,0.2-0.4,0.000748173709805
4.0-4.25,0.2-0.4,0.000917714169092
4.0-4.25,0.0-0.2,0.000751115891773
4.0-4.25,0.0-0.2,0.000544743590416
4.0-4.25,0.0-0.2,0.00076348275527
4.25-4.5,0.0-0.2,0.000421746569832
4.25-4.5,0.0-0.2,0.000696248541193
4.25-4.5,0.0-0.2,0.000187490291043
4.25-4.5,0.0-0.2,0.000298521589228
4.25-4.5,0.2-0.4,0.000240204606366
4.25-4.5,0.4-0.6,0.000300178543085
4.25-4.5,0.4-0.6,0.000240342091072
4.25-4.5,0.4-0.6,0.000260513787543
4.25-4.5,0.4-0.6,0.000363925680516
4.25-4.5,0.6-0.8,0.000340586325876
4.25-4.5,0.6-0.8,0.000278057195792
4.25-4.5,0.8-1.0,0.000248086667648
4.25-4.5,0.8-1.0,0.00023772434038
4.25-4.5,1.0-1.2,0.000331292077084
4.25-4.5,1.0-1.2,0.000232819904058
4.25-4.5,1.2-1.4,0.000337959512224
4.25-4.5,1.2-1.4,0.000328246150891
4.25-4.5,1.4-1.6,0.000286382181745
4.25-4.5,1.4-1.6,0.000169340622422
4.25-4.5,1.4-1.6,0.000319506975154
4.25-4.5,1.4-1.6,0.000225692804392
4.25-4.5,1.4-1.6,0.000417674639443
4.25-4.5,1.2-1.4,0.000259059560746
4.25-4.5,1.2-1.4,0.00020008115595
4.25-4.5,1.0-1.2,0.000304745411308
4.25-4.5,1.0-1.2,0.000469239114395
4.25-4.5,1.0-1.2,0.000227795956283
4.25-4.5,0.8-1.0,0.000420074442074
4.25-4.5,0.8-1.0,0.000274732180151
4.25-4.5,0.6-0.8,0.000383824164278
4.25-4.5,0.6-0.8,0.000724906428478
4.25-4.5,0.6-0.8,0.000370704632734
4.25-4.5,0.4-0.6,0.000435498099055
4.25-4.5,0.4-0.6,0.000313967014651
4.25-4.5,0.4-0.6,0.000450939098012
4.25-4.5,0.2-0.4,0.000519794778202
4.25-4.5,0.2-0.4,0.000374797168614
4.25-4.5,0.2-0.4,0.000956981935479
4.25-4.5,0.0-0.2,0.000843729665745
4.25-4.5,0.0-0.2,0.000278606844649
4.25-4.5,0.0-0.2,0.000460742626129
4.25-4.5,0.0-0.2,0.000504493106063
4.25-4.5,0.0-0.2,0.000302177912832
4.25-4.5,0.2-0.4,0.000279944320813
4.25-4.5,0.2-0.4,0.00033569506677
4.25-4.5,0.2-0.4,0.000237072097046
4.25-4.5,0.4-0.6,0.000454726962826
4.25-4.5,0.4-0.6,0.000405887012052
4.25-4.5,0.6-0.8,0.00109555031763
4.25-4.5,0.6-0.8,0.000268579576251
4.25-4.5,0.8-1.0,0.000429920465942
4.25-4.5,1.0-1.2,0.000160023079487
4.25-4.5,1.0-1.2,0.000555310351446
4.25-4.5,1.2-1.4,0.000312183378179
4.25-4.5,1.2-1.4,0.000179026959941
4.25-4.5,1.4-1.6,0.000147999574266
4.25-4.5,1.4-1.6,0.000230815848767
4.25-4.5,1.4-1.6,0.000274649456824
4.25-4.5,1.4-1.6,0.000531613205801
4.25-4.5,1.2-1.4,0.000371001244073
4.25-4.5,1.2-1.4,0.000400874848148
4.25-4.5,1.0-1.2,0.000497632173246
4.25-4.5,1.0-1.2,0.000369566217703
4.25-4.5,0.8-1.0,0.000659507364935
4.25-4.5,0.8-1.0,0.000965042320414
4.25-4.5,0.6-0.8,0.000347879242685
4.25-4.5,0.6-0.8,0.000562861355267
4.25-4.5,0.6-0.8,0.000371153585778
4.25-4.5,0.4-0.6,0.000833742346291
4.25-4.5,0.4-0.6,0.000804732059309
4.25-4.5,0.2-0.4,0.000442865988721
4.25-4.5,0.2-0.4,0.000869780423926
4.25-4.5,0.2-0.4,0.00110757211483
4.25-4.5,0.0-0.2,0.00117693952379
4.25-4.5,0.0-0.2,0.000956230560397
4.25-4.5,0.0-0.2,0.000323676622875
4.25-4.5,0.0-0.2,0.000380373575827
4.25-4.5,0.2-0.4,0.000298429718623
4.25-4.5,0.2-0.4,0.000306074071698
4.25-4.5,0.4-0.6,0.000382553439906
4.25-4.5,0.4-0.6,0.00034947998211
4.25-4.5,0.4-0.6,0.000436382970766
4.25-4.5,0.6-0.8,0.00051720640386
4.25-4.5,0.6-0.8,0.000353737107253
4.25-4.5,0.8-1.0,0.000421706366862
4.25-4.5,0.8-1.0,0.000535045913244
4.25-4.5,1.0-1.2,0.00036813209225
4.25-4.5,1.0-1.2,0.000350985852262
4.25-4.5,1.2-1.4,0.000429707849971
4.25-4.5,1.2-1.4,0.000570818778055
4.25-4.5,1.4-1.6,0.000235775942588
4.25-4.5,1.4-1.6,0.0001886229823
4.25-4.5,1.4-1.6,0.000662209001968
4.25-4.5,1.4-1.6,0.000274860744905
4.25-4.5,1.2-1.4,0.000698653303202
4.25-4.5,1.2-1.4,0.000687718064099
4.25-4.5,1.2-1.4,0.000378693425524
4.25-4.5,1.0-1.2,0.00084380242159
4.25-4.5,1.0-1.2,0.000711712069207
4.25-4.5,1.0-1.2,0.00054123850305
4.25-4.5,0.8-1.0,0.000976020333321
4.25-4.5,0.8-1.0,0.000240972175845
4.25-4.5,0.8-1.0,0.000614188569338
4.25-4.5,0.6-0.8,0.00038867782125
4.25-4.5,0.6-0.8,0.000306576765838
4.25-4.5,0.4-0.6,0.000372692038108
4.25-4.5,0.4-0.6,0.000560563209635
4.25-4.5,0.4-0.6,0.000695923485385
4.25-4.5,0.4-0.6,0.000540271461369
4.25-4.5,0.2-0.4,0.000454051603835
4.25-4.5,0.2-0.4,0.000304645922242
4.25-4.5,0.2-0.4,0.000389624802905
4.25-4.5,0.0-0.2,0.000353888836138
4.25-4.5,0.0-0.2,0.000332266300482
4.25-4.5,0.0-0.2,0.000449585488298
4.5-4.75,0.0-0.2,0.000840215285384
4.5-4.75,0.0-0.2,0.000814256629528
4.5-4.75,0.2-0.4,0.00094932582742
4.5-4.75,0.2-0.4,0.00111430629816
4.5-4.75,0.4-0.6,0.00130359192402
4.5-4.75,0.4-0.6,0.00133317160436
4.5-4.75,0.6-0.8,0.002085070513
4.5-4.75,0.6-0.8,0.000699206076067
4.5-4.75,0.8-1.0,0.000368328092429
4.5-4.75,0.8-1.0,0.000672742574565
4.5-4.75,0.8-1.0,0.000492289937153
4.25-4.5,1.0-1.2,0.000362184786616
4.25-4.5,1.0-1.2,0.000575955051725
4.25-4.5,1.2-1.4,0.000545222298279
4.25-4.5,1.2-1.4,0.000648988160135
4.25-4.5,1.2-1.4,0.000858864029044
4.25-4.5,1.4-1.6,0.000507672715738
4.25-4.5,1.4-1.6,0.000438488569494
4.25-4.5,1.4-1.6,0.000285046825681
4.25-4.5,1.4-1.6,0.000732149670518
4.25-4.5,1.2-1.4,0.000464173606862
4.25-4.5,1.2-1.4,0.000492792333464
4.25-4.5,1.2-1.4,0.000471153905046
4.25-4.5,1.0-1.2,0.00115613565002
4.25-4.5,1.0-1.2,0.000803930900799
4.25-4.5,0.8-1.0,0.00134696433722
4.25-4.5,0.8-1.0,0.000853031822298
4.25-4.5,0.8-1.0,0.000598514529841
4.25-4.5,0.6-0.8,0.000572699626705
4.25-4.5,0.6-0.8,0.000339936685661
4.25-4.5,0.6-0.8,0.000541792475294
4.25-4.5,0.4-0.6,0.000648835335779
4.25-4.5,0.4-0.6,0.000830709022187
4.25-4.5,0.2-0.4,0.00100277025678
4.25-4.5,0.2-0.4,0.00106991450372
4.25-4.5,0.2-0.4,0.00148802191525
4.25-4.5,0.2-0.4,0.00121750703359
4.25-4.5,0.0-0.2,0.00119025367723
4.25-4.5,0.0-0.2,0.000928374553278
4.25-4.5,0.0-0.2,0.000920611716527
4.5-4.75,0.0-0.2,0.000839421945005
4.5-4.75,0.0-0.2,0.000518379589671
4.5-4.75,0.0-0.2,0.000478532070711
4.5-4.75,0.2-0.4,0.00048441574671
4.5-4.75,0.2-0.4,0.000565303196107
4.5-4.75,0.4-0.6,0.000703301164723
4.5-4.75,0.4-0.6,0.000935700881258
4.5-4.75,0.6-0.8,0.000469396654826
4.5-4.75,0.8-1.0,0.000210483110902
4.5-4.75,0.8-1.0,0.000171987333562
4.5-4.75,1.0-1.2,0.000339710292374
4.5-4.75,1.0-1.2,0.000351717408672
4.5-4.75,1.2-1.4,0.000271933111485
4.5-4.75,1.2-1.4,0.00022840669166
4.5-4.75,1.4-1.6,0.000134721414183
4.5-4.75,1.4-1.6,0.000265348931796
4.5-4.75,1.4-1.6,0.000320156315197
4.5-4.75,1.4-1.6,0.000153671453106
4.5-4.75,1.4-1.6,0.000305061222634
4.5-4.75,1.2-1.4,0.000552689915251
4.5-4.75,1.2-1.4,0.00091582249008
4.5-4.75,1.0-1.2,0.000312652748499
4.5-4.75,1.0-1.2,0.000268941316326
4.5-4.75,0.8-1.0,0.000212207111966
4.5-4.75,0.8-1.0,0.000850767435345
4.5-4.75,0.6-0.8,0.00174638499941
4.25-4.5,0.6-0.8,0.00120583674019
4.25-4.5,0.4-0.6,0.00112384149795
4.25-4.5,0.4-0.6,0.000894053782916
4.25-4.5,0.4-0.6,0.000780991694154
4.25-4.5,0.2-0.4,0.000540752681343
4.25-4.5,0.2-0.4,0.000704761000235
4.25-4.5,0.0-0.2,0.000555841980322
4.25-4.5,0.0-0.2,0.0004617189018
4.25-4.5,0.0-0.2,0.000627651857069
4.5-4.75,0.0-0.2,0.000689349088038
4.5-4.75,0.0-0.2,0.000480938635999
4.5-4.75,0.0-0.2,0.000524611880171
4.5-4.75,0.2-0.4,0.000418917870258
4.5-4.75,0.2-0.4,0.000315754060934
4.5-4.75,0.2-0.4,0.000266014828987
4.5-4.75,0.4-0.6,0.000631266644704
4.5-4.75,0.6-0.8,0.000402692184733
4.5-4.75,0.6-0.8,0.000427228422339
4.5-4.75,0.8-1.0,0.000464919344621
4.5-4.75,0.8-1.0,0.000775571537731
4.5-4.75,0.8-1.0,0.000589607362739
4.5-4.75,1.0-1.2,0.000234407424262
4.5-4.75,1.0-1.2,0.000385576762747
4.5-4.75,1.2-1.4,0.000509993110139
4.5-4.75,1.2-1.4,0.000465430516096
4.5-4.75,1.2-1.4,0.000582458234178
4.5-4.75,1.4-1.6,0.000522408885426
4.5-4.75,1.4-1.6,0.000346739604349
4.5-4.75,1.4-1.6,0.000567076892801
4.5-4.75,1.4-1.6,0.000616671050607
4.5-4.75,1.2-1.4,0.000854932993746
4.5-4.75,1.2-1.4,0.000983262448498
4.5-4.75,1.0-1.2,0.000408720194904
4.5-4.75,1.0-1.2,0.000308898805261
4.5-4.75,0.8-1.0,0.000227853795664
4.5-4.75,0.8-1.0,0.000292375208886
4.5-4.75,0.6-0.8,0.000481692294356
4.5-4.75,0.6-0.8,0.00116665455386
4.5-4.75,0.4-0.6,0.000534459033482
4.5-4.75,0.2-0.4,0.000352891527913
4.5-4.75,0.2-0.4,0.000453865128551
4.5-4.75,0.0-0.2,0.000319527545429
4.5-4.75,0.0-0.2,0.000332262196583
4.5-4.75,0.0-0.2,0.000571601104386
4.5-4.75,0.0-0.2,0.000570552973663
4.5-4.75,0.0-0.2,0.000712109485191
4.5-4.75,0.0-0.2,0.00100863583648
4.5-4.75,0.2-0.4,0.000697041174153
4.5-4.75,0.2-0.4,0.000896988997516
4.5-4.75,0.2-0.4,0.000717401494358
4.5-4.75,0.4-0.6,0.000712246573897
4.5-4.75,0.6-0.8,0.000801007914067
4.5-4.75,0.6-0.8,0.000934300725908
4.5-4.75,0.8-1.0,0.000379426101699
4.5-4.75,0.8-1.0,0.000421716795265
4.5-4.75,1.0-1.2,0.000451361865485
4.5-4.75,1.0-1.2,0.00054703393647
4.5-4.75,1.0-1.2,0.000764535930867
4.5-4.75,1.2-1.4,0.000764079474767
4.5-4.75,1.2-1.4,0.00086184855818
4.5-4.75,1.2-1.4,0.000717060188369
4.5-4.75,1.2-1.4,0.000440446965981
4.5-4.75,1.4-1.6,0.00023971405097
4.5-4.75,1.4-1.6,0.000353510030026
4.5-4.75,1.4-1.6,0.000371017257255
4.5-4.75,1.4-1.6,0.000390348569385
4.5-4.75,1.2-1.4,0.000246169822559
4.5-4.75,1.2-1.4,0.000333172464229
4.5-4.75,1.2-1.4,0.000250902989869
4.5-4.75,1.0-1.2,0.000340476945358
4.5-4.75,1.0-1.2,0.000405419613693
4.5-4.75,1.0-1.2,0.000487019610695
4.5-4.75,0.8-1.0,0.00044408135285
4.5-4.75,0.8-1.0,0.000256695990503
4.5-4.75,0.8-1.0,0.000319143944756
4.5-4.75,0.6-0.8,0.000448218947364
4.5-4.75,0.6-0.8,0.000741485682145
4.5-4.75,0.4-0.6,0.000876915890311
4.5-4.75,0.4-0.6,0.000919845629271
4.5-4.75,0.2-0.4,0.000759509134135
4.5-4.75,0.2-0.4,0.000645246406877
4.5-4.75,0.2-0.4,0.00042966415596
4.5-4.75,0.0-0.2,0.000848014753891
4.5-4.75,0.0-0.2,0.000552161811661
4.5-4.75,0.0-0.2,0.00113372861657
4.5-4.75,0.0-0.2,0.000891182461926
4.75-5.0,0.0-0.2,0.000827924645764
4.75-5.0,0.0-0.2,0.000335873835413
4.75-5.0,0.2-0.4,0.000422196580948
4.75-5.0,0.2-0.4,0.000511077148326
4.75-5.0,0.4-0.6,0.000932081944055
4.75-5.0,0.4-0.6,0.00129339271935
4.75-5.0,0.6-0.8,0.00101242746118
4.75-5.0,0.6-0.8,0.000393917114606
4.75-5.0,0.8-1.0,0.000282937251961
4.75-5.0,0.8-1.0,0.000392284240574
4.75-5.0,1.0-1.2,0.000183389887874
4.75-5.0,1.0-1.2,0.000324353272576
4.75-5.0,1.2-1.4,0.000335594403975
4.75-5.0,1.2-1.4,0.000192404635704
4.75-5.0,1.2-1.4,0.000180477617486
4.75-5.0,1.4-1.6,0.00046481640811
4.75-5.0,1.4-1.6,0.000427363495957
4.75-5.0,1.4-1.6,0.000328693855928
4.75-5.0,1.4-1.6,0.000954983550883
4.75-5.0,1.4-1.6,0.00104752287378
4.75-5.0,1.2-1.4,0.00147541260637
4.75-5.0,1.2-1.4,0.00168220230946
4.75-5.0,1.2-1.4,0.00140678585274
4.75-5.0,1.0-1.2,0.0014961357481
4.5-4.75,1.0-1.2,0.000846092962092
4.5-4.75,0.8-1.0,0.000642577034061
4.5-4.75,0.8-1.0,0.00110698377747
4.5-4.75,0.8-1.0,0.000875647688737
4.5-4.75,0.6-0.8,0.000936275490495
4.5-4.75,0.6-0.8,0.0005159790349
4.5-4.75,0.4-0.6,0.000503753507192
4.5-4.75,0.4-0.6,0.000666568657737
4.5-4.75,0.4-0.6,0.000814301568855
4.5-4.75,0.2-0.4,0.00103237836704
4.5-4.75,0.2-0.4,0.000751882603354
4.5-4.75,0.2-0.4,0.0012034850829
4.5-4.75,0.0-0.2,0.00113957852666
4.5-4.75,0.0-0.2,0.0012202102232
4.5-4.75,0.0-0.2,0.00103156664239
4.75-5.0,0.0-0.2,0.000318736984132
4.75-5.0,0.0-0.2,0.000505910652749
4.75-5.0,0.0-0.2,0.000479397480395
4.75-5.0,0.2-0.4,0.00066788865464
4.75-5.0,0.2-0.4,0.000461998329463
4.75-5.0,0.2-0.4,0.000465165487194
4.75-5.0,0.4-0.6,0.000651134419779
4.75-5.0,0.6-0.8,0.000345030025268
4.75-5.0,0.6-0.8,0.000456441518324
4.75-5.0,0.8-1.0,0.000686091289089
4.75-5.0,0.8-1.0,0.00061682600253
4.75-5.0,1.0-1.2,0.000449822653986
4.75-5.0,1.0-1.2,0.000230473234199
4.75-5.0,1.0-1.2,0.000350413274873
4.75-5.0,1.2-1.4,0.000308743381481
4.75-5.0,1.2-1.4,0.000359893477946
4.75-5.0,1.2-1.4,0.000250802582607
4.75-5.0,1.4-1.6,0.000516322133572
4.75-5.0,1.4-1.6,0.000608529977356
4.75-5.0,1.4-1.6,0.000476499277116
4.75-5.0,1.4-1.6,0.000381954220423
4.75-5.0,1.2-1.4,0.000402214344072
4.75-5.0,1.2-1.4,0.000449877482042
4.75-5.0,1.0-1.2,0.000522570834182
4.75-5.0,1.0-1.2,0.000628735539932
4.75-5.0,0.8-1.0,0.000463700787314
4.75-5.0,0.8-1.0,0.000633800879396
4.75-5.0,0.8-1.0,0.000536048870351
4.75-5.0,0.6-0.8,0.000937802169008
4.75-5.0,0.6-0.8,0.00119564939286
4.75-5.0,0.4-0.6,0.00153152202685
4.75-5.0,0.4-0.6,0.00157465069903
4.75-5.0,0.2-0.4,0.00122978940478
4.75-5.0,0.2-0.4,0.000697998572411
4.75-5.0,0.0-0.2,0.000794634430286
4.75-5.0,0.0-0.2,0.000442121334326
4.75-5.0,0.0-0.2,0.000862286759373
4.75-5.0,0.0-0.2,0.000853222328388
4.75-5.0,0.0-0.2,0.000974099110641
4.75-5.0,0.0-0.2,0.000918343410335
4.75-5.0,0.2-0.4,0.000604326567166
4.75-5.0,0.2-0.4,0.000831648211526
4.75-5.0,0.4-0.6,0.00139385204431
4.75-5.0,0.6-0.8,0.00147959935463
4.75-5.0,0.6-0.8,0.000983545880457
4.75-5.0,0.8-1.0,0.000205847007322
4.75-5.0,0.8-1.0,0.000236039700786
4.75-5.0,0.8-1.0,0.000490661446774
4.75-5.0,1.0-1.2,0.000277077385764
4.75-5.0,1.0-1.2,0.00025567360345
4.75-5.0,1.0-1.2,0.00027238909361
4.75-5.0,1.2-1.4,0.000249395752295
4.75-5.0,1.2-1.4,0.000249428809982
4.75-5.0,1.4-1.6,0.000237389306349
4.75-5.0,1.4-1.6,0.000434895960548
4.75-5.0,1.4-1.6,0.00072349227256
4.75-5.0,1.4-1.6,0.00143408282468
4.75-5.0,1.2-1.4,0.000799304327837
4.75-5.0,1.2-1.4,0.000534198086875
4.75-5.0,1.0-1.2,0.000431548428265
4.75-5.0,1.0-1.2,0.000622163504147
4.75-5.0,0.8-1.0,0.000420013180095
4.75-5.0,0.8-1.0,0.000756058944804
4.75-5.0,0.6-0.8,0.0006015226146
4.75-5.0,0.6-0.8,0.000339829462046
4.75-5.0,0.4-0.6,0.000848327280355
4.75-5.0,0.4-0.6,0.000858693791753
4.75-5.0,0.2-0.4,0.000806313801522
4.75-5.0,0.2-0.4,0.00129241008456
4.75-5.0,0.0-0.2,0.00146044473935
4.75-5.0,0.0-0.2,0.00097641453949
4.75-5.0,0.0-0.2,0.00151861495477
5.0-5.25,0.0-0.2,0.000189612972153
5.0-5.25,0.0-0.2,0.000765551749538
5.0-5.25,0.0-0.2,0.00078326479644
5.0-5.25,0.2-0.4,0.000729757767129
5.0-5.25,0.2-0.4,0.000470060176217
5.0-5.25,0.4-0.6,0.000342288603014
5.0-5.25,0.4-0.6,0.000362247108093
5.0-5.25,0.6-0.8,0.000243111559156
5.0-5.25,0.6-0.8,0.000245984751263
5.0-5.25,0.6-0.8,0.000348325656614
5.0-5.25,0.8-1.0,0.000605021780742
5.0-5.25,0.8-1.0,0.000354126829935
5.0-5.25,1.0-1.2,0.000516408147775
5.0-5.25,1.0-1.2,0.000527119109331
5.0-5.25,1.2-1.4,0.000473667021338
5.0-5.25,1.2-1.4,0.000302522877303
5.0-5.25,1.2-1.4,0.000207393702586
5.0-5.25,1.4-1.6,0.000483863979418
5.0-5.25,1.4-1.6,0.000725506526123
5.0-5.25,1.4-1.6,0.000617352424548
4.75-5.0,1.2-1.4,0.000532378834545
4.75-5.0,1.2-1.4,0.000483023288264
4.75-5.0,1.2-1.4,0.000423317572422
4.75-5.0,1.2-1.4,0.000416296645105
4.75-5.0,1.0-1.2,0.000477262410044
4.75-5.0,1.0-1.2,0.000244293984742
4.75-5.0,1.0-1.2,0.00026197476995
4.75-5.0,0.8-1.0,0.000706430383707
4.75-5.0,0.8-1.0,0.000503759543861
4.75-5.0,0.6-0.8,0.000686999083749
4.75-5.0,0.6-0.8,0.000987641339806
4.75-5.0,0.4-0.6,0.00141935906157
4.75-5.0,0.4-0.6,0.0011179094811
4.75-5.0,0.2-0.4,0.0014284252737
4.75-5.0,0.2-0.4,0.000741179647813
4.75-5.0,0.0-0.2,0.000605742794021
4.75-5.0,0.0-0.2,0.0005215824953
4.75-5.0,0.0-0.2,0.000796988577971
4.75-5.0,0.0-0.2,0.000537216780209
0.5-0.75,0.0-0.2,0.00144985806039
0.5-0.75,0.2-0.4,0.00152595885168
0.5-0.75,0.4-0.6,0.00125764336327
0.5-0.75,0.6-0.8,0.00237638695564
0.5-0.75,0.8-1.0,0.00210391827226
0.5-0.75,1.0-1.2,0.00144574744601
0.25-0.5,1.2-1.4,0.00171189192544
0.25-0.5,1.4-1.6,0.00153327565524
0.25-0.5,1.4-1.6,0.00284605876248
0.25-0.5,1.2-1.4,0.00113767567377
0.25-0.5,1.0-1.2,0.00186817002666
0.25-0.5,1.0-1.2,0.00115957065511
0.25-0.5,0.8-1.0,0.00130649821049
0.25-0.5,0.6-0.8,0.00187439678335
0.25-0.5,0.4-0.6,0.00162107651255
0.25-0.5,0.2-0.4,0.00199871817189
0.25-0.5,0.0-0.2,0.00159057158221
0.25-0.5,0.0-0.2,0.00164622651667
0.5-0.75,0.0-0.2,0.000821812163821
0.5-0.75,0.2-0.4,0.000707091609364
0.5-0.75,0.4-0.6,0.00109615636242
0.5-0.75,0.6-0.8,0.000703345744593
0.5-0.75,0.8-1.0,0.000483899165003
0.5-0.75,1.0-1.2,0.000748301456036
0.5-0.75,1.2-1.4,0.000618952977948
0.5-0.75,1.4-1.6,0.0003671036778
0.5-0.75,1.4-1.6,0.000877385906231
0.5-0.75,1.2-1.4,0.000770490056804
0.5-0.75,1.2-1.4,0.00113222570496
0.5-0.75,1.0-1.2,0.00263096565069
0.5-0.75,0.8-1.0,0.00193274813176
0.25-0.5,0.6-0.8,0.00163828370235
0.25-0.5,0.4-0.6,0.00239453867416
0.25-0.5,0.2-0.4,0.00156617156948
0.25-0.5,0.0-0.2,0.00255506124611
0.25-0.5,0.0-0.2,0.0012477752011
0.25-0.5,0.0-0.2,0.00105433078331
0.5-0.75,0.0-0.2,0.00167021157157
0.5-0.75,0.2-0.4,0.00178581388743
0.5-0.75,0.2-0.4,0.00164044465923
0.5-0.75,0.4-0.6,0.00190128646098
0.5-0.75,0.6-0.8,0.00138063588582
0.5-0.75,0.8-1.0,0.000858680607828
0.5-0.75,1.0-1.2,0.00139192497066
0.5-0.75,1.2-1.4,0.00189298998178
0.5-0.75,1.4-1.6,0.00150377456775
0.5-0.75,1.4-1.6,0.00157900771296
0.5-0.75,1.2-1.4,0.00183337856142
0.5-0.75,1.2-1.4,0.00168853951665
0.5-0.75,1.0-1.2,0.000662016253879
0.5-0.75,0.8-1.0,0.000713126163189
0.5-0.75,0.6-0.8,0.000553455888212
0.5-0.75,0.4-0.6,0.00143295871824
0.5-0.75,0.2-0.4,0.00262100101975
0.5-0.75,0.2-0.4,0.00247899330446
0.5-0.75,0.0-0.2,0.00314275536432
0.5-0.75,0.0-0.2,0.00240984649184
0.5-0.75,0.0-0.2,0.000705795796375
0.5-0.75,0.2-0.4,0.000807864140699
0.5-0.75,0.2-0.4,0.000741984277164
0.5-0.75,0.4-0.6,0.000422760462762
0.5-0.75,0.6-0.8,0.000703908520736
0.5-0.75,0.8-1.0,0.00054118239816
0.5-0.75,1.0-1.2,0.00037221403193
0.5-0.75,1.2-1.4,0.000380020246451
0.5-0.75,1.2-1.4,0.000679415297272
0.5-0.75,1.4-1.6,0.000539942367142
0.5-0.75,1.4-1.6,0.00055958199947
0.5-0.75,1.4-1.6,0.000444435637253
0.5-0.75,1.2-1.4,0.000479877015797
0.5-0.75,1.0-1.2,0.00105372686298
0.5-0.75,1.0-1.2,0.00226451769554
0.5-0.75,1.0-1.2,0.00157629077657
0.5-0.75,0.8-1.0,0.00139661783715
0.5-0.75,0.6-0.8,0.00135678133501
0.5-0.75,0.6-0.8,0.00113859028838
0.5-0.75,0.4-0.6,0.00105700240061
0.5-0.75,0.4-0.6,0.00166033202867
0.5-0.75,0.2-0.4,0.00119432888901
0.5-0.75,0.0-0.2,0.000936629881048
0.5-0.75,0.0-0.2,0.0010275717031
0.5-0.75,0.0-0.2,0.000564286988098
0.75-1.0,0.0-0.2,0.000952410352041
0.75-1.0,0.2-0.4,0.00175494671877
0.75-1.0,0.2-0.4,0.00193381288184
0.75-1.0,0.4-0.6,0.00227690712572
0.75-1.0,0.4-0.6,0.00184287840457
0.75-1.0,0.6-0.8,0.00112362558624
0.5-0.75,0.8-1.0,0.00101067270856
0.5-0.75,1.0-1.2,0.000664342923817
0.5-0.75,1.2-1.4,0.0011620687019
0.5-0.75,1.2-1.4,0.0010965763039
0.5-0.75,1.4-1.6,0.000641134215744
0.5-0.75,1.4-1.6,0.000807322629128
0.5-0.75,1.2-1.4,0.00127339143895
0.5-0.75,1.2-1.4,0.000642027277647
0.5-0.75,1.0-1.2,0.000485467745251
0.5-0.75,1.0-1.2,0.000308027470773
0.5-0.75,0.8-1.0,0.000662849812982
0.5-0.75,0.6-0.8,0.000788530756598
0.5-0.75,0.6-0.8,0.00151542488909
0.5-0.75,0.4-0.6,0.00132961510091
0.5-0.75,0.4-0.6,0.00210063146733
0.5-0.75,0.2-0.4,0.00182756699759
0.5-0.75,0.0-0.2,0.00285723934431
0.5-0.75,0.0-0.2,0.00295051051734
0.5-0.75,0.0-0.2,0.00334860333419
0.75-1.0,0.0-0.2,0.00114433116686
0.75-1.0,0.0-0.2,0.00108196300018
0.75-1.0,0.2-0.4,0.00207004020606
0.75-1.0,0.4-0.6,0.002548138483
0.75-1.0,0.4-0.6,0.00244507532768
0.75-1.0,0.6-0.8,0.00186432871117
0.75-1.0,0.8-1.0,0.00191276699565
0.75-1.0,0.8-1.0,0.00121582579362
0.75-1.0,1.0-1.2,0.000955859330183
0.75-1.0,1.0-1.2,0.00137636023656
0.75-1.0,1.2-1.4,0.00170115641975
0.75-1.0,1.4-1.6,0.000889220882926
0.75-1.0,1.4-1.6,0.0025498517414
0.75-1.0,1.4-1.6,0.00199801969933
0.75-1.0,1.4-1.6,0.00223787514612
0.75-1.0,1.2-1.4,0.00239114231786
0.5-0.75,1.2-1.4,0.00144831968718
0.5-0.75,1.0-1.2,0.00139624358501
0.5-0.75,1.0-1.2,0.00105380773517
0.5-0.75,0.8-1.0,0.00114516467584
0.5-0.75,0.6-0.8,0.000960376963053
0.5-0.75,0.6-0.8,0.00077418309937
0.5-0.75,0.6-0.8,0.000936056689712
0.5-0.75,0.4-0.6,0.000459183716361
0.5-0.75,0.4-0.6,0.000397437587986
0.5-0.75,0.2-0.4,0.000542923870064
0.5-0.75,0.2-0.4,0.000722045424752
0.5-0.75,0.2-0.4,0.0012323499353
0.5-0.75,0.0-0.2,0.00115850067921
0.5-0.75,0.0-0.2,0.00186138140514
0.5-0.75,0.0-0.2,0.00204416956822
0.75-1.0,0.0-0.2,0.000421022756363
0.75-1.0,0.0-0.2,0.00121411866231
0.75-1.0,0.2-0.4,0.000976938475511
0.75-1.0,0.4-0.6,0.00068849792181
0.75-1.0,0.6-0.8,0.000999150959392
0.75-1.0,0.6-0.8,0.000377628643329
0.75-1.0,0.8-1.0,0.000726203817969
0.75-1.0,1.0-1.2,0.000765636590278
0.75-1.0,1.2-1.4,0.000560192507037
0.75-1.0,1.2-1.4,0.000272448874468
0.75-1.0,1.4-1.6,0.000303081099385
0.75-1.0,1.4-1.6,0.000427477570599
0.75-1.0,1.4-1.6,0.000360503836116
0.75-1.0,1.4-1.6,0.000600859418184
0.75-1.0,1.2-1.4,0.000443584176992
0.75-1.0,1.2-1.4,0.000568897807472
0.75-1.0,1.0-1.2,0.000558396372069
0.75-1.0,1.0-1.2,0.00112806797133
0.75-1.0,0.8-1.0,0.00140587703636
0.75-1.0,0.8-1.0,0.00149009526715
0.75-1.0,0.6-0.8,0.00261874798087
0.75-1.0,0.6-0.8,0.00304928589717
0.75-1.0,0.4-0.6,0.00193633698898
0.75-1.0,0.4-0.6,0.00226602776343
0.75-1.0,0.2-0.4,0.00193864342995
0.75-1.0,0.2-0.4,0.00139975823341
0.75-1.0,0.0-0.2,0.00143692925793
0.75-1.0,0.0-0.2,0.0012231641287
0.75-1.0,0.0-0.2,0.00137767893691
0.75-1.0,0.0-0.2,0.00166679543554
0.75-1.0,0.0-0.2,0.00125634434201
0.75-1.0,0.2-0.4,0.00195597215903
0.75-1.0,0.4-0.6,0.00098453053009
0.75-1.0,0.6-0.8,0.00130342808343
0.75-1.0,0.8-1.0,0.00091643620375
0.75-1.0,0.8-1.0,0.00136559604254
0.75-1.0,1.0-1.2,0.000953413568296
0.75-1.0,1.2-1.4,0.00114541596433
0.75-1.0,1.2-1.4,0.000730780277735
0.75-1.0,1.2-1.4,0.00147383558305
0.75-1.0,1.4-1.6,0.000787314017626
0.75-1.0,1.4-1.6,0.000902433640609
0.75-1.0,1.4-1.6,0.000841187647463
0.75-1.0,1.2-1.4,0.000991879767113
0.75-1.0,1.0-1.2,0.00118849187822
0.75-1.0,1.0-1.2,0.000560527128448
0.75-1.0,0.8-1.0,0.000375689153172
0.75-1.0,0.8-1.0,0.000351816977692
0.75-1.0,0.8-1.0,0.000401566713762
0.75-1.0,0.6-0.8,0.000342672917056
0.75-1.0,0.6-0.8,0.00106582576387
0.75-1.0,0.4-0.6,0.00101339754941
0.75-1.0,0.2-0.4,0.00168837673677
0.75-1.0,0.2-0.4,0.00207806554882
0.75-1.0,0.0-0.2,0.00235876549436
0.75-1.0,0.0-0.2,0.00221530587169
0.75-1.0,0.0-0.2,0.00242022100328
0.75-1.0,0.0-0.2,0.000869817775388
0.75-1.0,0.2-0.4,0.000824570186187
0.75-1.0,0.2-0.4,0.00114542526257
0.75-1.0,0.4-0.6,0.00118795277143
0.75-1.0,0.6-0.8,0.00156826211035
0.75-1.0,0.6-0.8,0.00253512541863
0.75-1.0,0.8-1.0,0.000946873422755
0.75-1.0,1.0-1.2,0.00106415732068
0.75-1.0,1.2-1.4,0.000355290203334
0.75-1.0,1.2-1.4,0.00107289820032
0.75-1.0,1.4-1.6,0.000629631141661
0.75-1.0,1.4-1.6,0.00097896732848
0.75-1.0,1.4-1.6,0.00180184797741
0.75-1.0,1.2-1.4,0.00124449465299
0.75-1.0,1.0-1.2,0.000767089253142
0.75-1.0,1.0-1.2,0.00175634009933
0.75-1.0,0.8-1.0,0.000835632368893
0.75-1.0,0.6-0.8,0.000835838956365
0.75-1.0,0.4-0.6,0.000651877396108
0.75-1.0,0.2-0.4,0.000501689633641
0.75-1.0,0.2-0.4,0.000362955933336
0.75-1.0,0.0-0.2,0.000495083539544
0.75-1.0,0.0-0.2,0.000779244267306
0.75-1.0,0.0-0.2,0.00171824904212
1.0-1.25,0.0-0.2,0.000921958956149
1.0-1.25,0.2-0.4,0.00053014375744
1.0-1.25,0.2-0.4,0.000788339932361
1.0-1.25,0.4-0.6,0.00100770652069
1.0-1.25,0.6-0.8,0.000406004949881
1.0-1.25,0.6-0.8,0.000407349248717
1.0-1.25,0.8-1.0,0.000951468982138
1.0-1.25,1.0-1.2,0.000659150472444
1.0-1.25,1.2-1.4,0.000331076745196
0.75-1.0,1.4-1.6,0.000907856060849
0.75-1.0,1.4-1.6,0.000825736065305
0.75-1.0,1.2-1.4,0.000718145374769
0.75-1.0,1.2-1.4,0.000659585037254
0.75-1.0,1.0-1.2,0.000542948997462
0.75-1.0,0.8-1.0,0.000649986033071
0.75-1.0,0.8-1.0,0.000300121794838
0.75-1.0,0.6-0.8,0.00067273188256
0.75-1.0,0.6-0.8,0.00107112472632
0.75-1.0,0.4-0.6,0.00181175773725
0.75-1.0,0.2-0.4,0.00271772255601
0.75-1.0,0.2-0.4,0.00227900725315
0.75-1.0,0.0-0.2,0.00254030820038
0.75-1.0,0.0-0.2,0.00165948343884
0.75-1.0,0.0-0.2,0.000457764215514
0.75-1.0,0.2-0.4,0.000466163744605
0.75-1.0,0.4-0.6,0.000553885079812
1.0-1.25,0.4-0.6,0.000547194803018
1.0-1.25,0.6-0.8,0.000918074015926
1.0-1.25,0.8-1.0,0.00101348486715
1.0-1.25,1.0-1.2,0.00133982893593
1.0-1.25,1.0-1.2,0.000540628333436
1.0-1.25,1.0-1.2,0.000425139082672
1.0-1.25,1.2-1.4,0.000913430435585
1.0-1.25,1.4-1.6,0.000734442622624
1.0-1.25,1.4-1.6,0.000677101989432
1.0-1.25,1.4-1.6,0.000695494595845
1.0-1.25,1.2-1.4,0.000560408153885
1.0-1.25,1.0-1.2,0.000486506486131
1.0-1.25,1.0-1.2,0.00022189729409
1.0-1.25,0.6-0.8,0.000578564930341
1.0-1.25,0.6-0.8,0.00151008244438
1.0-1.25,0.4-0.6,0.00175881641613
1.0-1.25,0.4-0.6,0.00110311788726
1.0-1.25,0.2-0.4,0.000888463409912
1.0-1.25,0.2-0.4,0.000679014187481
1.0-1.25,0.0-0.2,0.00085689627979
1.0-1.25,0.0-0.2,0.000607436769762
1.0-1.25,0.0-0.2,0.000725220926861
1.0-1.25,0.0-0.2,0.000754108895037
1.0-1.25,0.0-0.2,0.000688199838375
1.0-1.25,0.2-0.4,0.00055562299798
1.0-1.25,0.2-0.4,0.000407979273102
1.0-1.25,0.4-0.6,0.000663425187623
1.0-1.25,0.6-0.8,0.000730930233575
1.0-1.25,0.6-0.8,0.000551314137143
1.0-1.25,0.8-1.0,0.00159673180537
1.0-1.25,1.0-1.2,0.00103669833681
1.0-1.25,1.2-1.4,0.00154383572729
1.0-1.25,1.2-1.4,0.000952305623259
1.0-1.25,1.4-1.6,0.000678861808888
1.0-1.25,1.4-1.6,0.000697765802802
1.0-1.25,1.4-1.6,0.000286920364168
1.0-1.25,1.2-1.4,0.000632528940185
1.0-1.25,1.0-1.2,0.000505170133672
1.0-1.25,1.0-1.2,0.000651577058317
1.0-1.25,0.8-1.0,0.0010828443586
1.0-1.25,0.6-0.8,0.00123324124974
1.0-1.25,0.6-0.8,0.00062214823792
1.0-1.25,0.4-0.6,0.000559363216778
1.0-1.25,0.2-0.4,0.000492184390511
1.0-1.25,0.0-0.2,0.000865386532584
1.0-1.25,0.0-0.2,0.000702322888861
1.0-1.25,0.0-0.2,0.000955993034798
1.0-1.25,0.0-0.2,0.000805407396377
1.0-1.25,0.2-0.4,0.0013194787771
1.0-1.25,0.4-0.6,0.00150924965702
1.0-1.25,0.6-0.8,0.00113181202887
1.0-1.25,0.8-1.0,0.00124530392906
1.0-1.25,0.8-1.0,0.00117700907333
1.0-1.25,1.0-1.2,0.000879800049717
1.0-1.25,1.2-1.4,0.000649439767019
1.0-1.25,1.2-1.4,0.000970466057518
1.0-1.25,1.4-1.6,0.00191841588127
1.0-1.25,1.4-1.6,0.000978727623058
1.0-1.25,1.2-1.4,0.000756740144115
1.0-1.25,1.0-1.2,0.000413535981753
1.0-1.25,1.0-1.2,0.0017451006203
1.0-1.25,0.8-1.0,0.00124890246343
1.0-1.25,0.6-0.8,0.000210377271227
1.0-1.25,0.4-0.6,0.000413275384169
1.0-1.25,0.4-0.6,0.000714482507872
1.0-1.25,0.2-0.4,0.000669483302033
1.0-1.25,0.0-0.2,0.00121074143785
1.0-1.25,0.0-0.2,0.00111995660705
1.0-1.25,0.0-0.2,0.00157990552096
1.25-1.5,0.0-0.2,0.000563871748534
1.25-1.5,0.0-0.2,0.00042705993596
1.25-1.5,0.2-0.4,0.000384737874189
1.25-1.5,0.4-0.6,0.000709375072187
1.25-1.5,0.6-0.8,0.000414442067891
1.25-1.5,1.0-1.2,0.00128856310353
1.0-1.25,1.2-1.4,0.000966868372791
1.0-1.25,1.2-1.4,0.000860043849607
1.0-1.25,1.4-1.6,0.000226576889616
1.0-1.25,1.4-1.6,0.000662750453513
1.0-1.25,1.2-1.4,0.00117343933161
1.0-1.25,1.2-1.4,0.0011356302362
1.0-1.25,1.0-1.2,0.000526043416548
1.0-1.25,1.0-1.2,0.000933454749478
1.0-1.25,0.8-1.0,0.000473061086111
1.0-1.25,0.6-0.8,0.000606605408656
1.0-1.25,0.4-0.6,0.000915144965208
1.0-1.25,0.4-0.6,0.000684510294628
1.0-1.25,0.2-0.4,0.000708208992437
1.0-1.25,0.0-0.2,0.000514445468226
1.0-1.25,0.0-0.2,0.0007784861086
1.0-1.25,0.0-0.2,0.00046957918508
1.25-1.5,0.0-0.2,0.00144669335739
1.25-1.5,0.0-0.2,0.000779996399711
1.25-1.5,0.2-0.4,0.0012871996323
1.25-1.5,0.4-0.6,0.00234933935536
1.25-1.5,0.6-0.8,0.00100928380484
1.25-1.5,0.8-1.0,0.000811689866293
1.25-1.5,1.0-1.2,0.00110599006835
1.25-1.5,1.2-1.4,0.000712238431073
1.25-1.5,1.2-1.4,0.000652120488936
1.25-1.5,1.4-1.6,0.00112290268689
1.25-1.5,1.4-1.6,0.00147818514179
1.25-1.5,1.2-1.4,0.000610634005391
1.25-1.5,1.0-1.2,0.000920666817209
1.25-1.5,0.8-1.0,0.000610460529956
1.0-1.25,0.8-1.0,0.000265097681192
1.0-1.25,0.6-0.8,0.00100012732376
1.0-1.25,0.4-0.6,0.00154585276375
1.0-1.25,0.2-0.4,0.00107330248327
1.0-1.25,0.2-0.4,0.00128977763252
1.0-1.25,0.0-0.2,0.00150894681243
1.0-1.25,0.0-0.2,0.00120184647598
1.25-1.5,0.0-0.2,0.000230902797828
1.25-1.5,0.2-0.4,0.000325607683665
1.25-1.5,0.4-0.6,0.000573024876609
1.25-1.5,0.6-0.8,0.000514775484247
1.25-1.5,0.8-1.0,0.000373862433486
1.25-1.5,1.0-1.2,0.000447007060672
1.25-1.5,1.2-1.4,0.000608380422553
1.25-1.5,1.4-1.6,0.000464232545247
1.25-1.5,1.4-1.6,0.000280040865796
1.25-1.5,1.4-1.6,0.000560550428329
1.25-1.5,1.2-1.4,0.00195391170684
1.25-1.5,1.0-1.2,0.00152385346689
1.25-1.5,1.0-1.2,0.000712768296288
1.25-1.5,0.8-1.0,0.00131792441166
1.25-1.5,0.6-0.8,0.00153228420158
1.25-1.5,0.6-0.8,0.000912827667814
1.25-1.5,0.4-0.6,0.000354810459325
1.25-1.5,0.4-0.6,0.000530895406919
1.25-1.5,0.2-0.4,0.00042320215632
1.25-1.5,0.2-0.4,0.000347037620643
1.25-1.5,0.0-0.2,0.000513952536627
1.25-1.5,0.0-0.2,0.000866165955629
1.25-1.5,0.0-0.2,0.00158822599197
1.25-1.5,0.0-0.2,0.000721255644777
1.25-1.5,0.2-0.4,0.000692407635292
1.25-1.5,0.6-0.8,0.00135634832937
1.25-1.5,0.8-1.0,0.000925764569275
1.25-1.5,1.0-1.2,0.00170971388349
1.25-1.5,1.0-1.2,0.00117897880143
1.25-1.5,1.2-1.4,0.00071102430366
1.25-1.5,1.4-1.6,0.000573357171675
1.25-1.5,1.4-1.6,0.00112009572224
1.25-1.5,1.4-1.6,0.00104573062466
1.25-1.5,1.2-1.4,0.0010931388611
1.25-1.5,1.0-1.2,0.000823870883327
1.25-1.5,1.0-1.2,0.000665597260789
1.25-1.5,0.8-1.0,0.000279461959227
1.25-1.5,0.6-0.8,0.000239824158739
1.25-1.5,0.6-0.8,0.000689791481762
1.25-1.5,0.4-0.6,0.000810191660703
1.25-1.5,0.4-0.6,0.000674043184228
1.25-1.5,0.2-0.4,0.00062707924751
1.25-1.5,0.2-0.4,0.00177820410795
1.25-1.5,0.0-0.2,0.00181725601597
1.25-1.5,0.0-0.2,0.00170254068789
1.5-1.75,0.0-0.2,0.000810919097297
1.5-1.75,0.2-0.4,0.000620424083257
1.5-1.75,0.2-0.4,0.000571345958765
1.5-1.75,0.4-0.6,0.000313369066644
1.5-1.75,0.6-0.8,0.000353426504086
1.5-1.75,0.8-1.0,0.0013750311216
1.5-1.75,1.0-1.2,0.000497339814662
1.5-1.75,1.2-1.4,0.000884634298187
1.5-1.75,1.2-1.4,0.000710979561581
1.5-1.75,1.4-1.6,0.000348240997477
1.25-1.5,1.4-1.6,0.000668789160719
1.25-1.5,1.4-1.6,0.000775748570032
1.25-1.5,1.2-1.4,0.000420992328282
1.25-1.5,1.0-1.2,0.000578900061191
1.25-1.5,1.0-1.2,0.000647438421314
1.25-1.5,0.8-1.0,0.00152373414884
1.25-1.5,0.6-0.8,0.00136984111805
1.25-1.5,0.4-0.6,0.000977455903462
1.25-1.5,0.2-0.4,0.000625112643655
1.25-1.5,0.2-0.4,0.000298717010474
1.25-1.5,0.0-0.2,0.000369425341672
1.25-1.5,0.0-0.2,0.000226285820965
1.5-1.75,0.0-0.2,0.00150182885094
1.5-1.75,0.2-0.4,0.00149407587531
1.5-1.75,0.4-0.6,0.000743836375706
1.5-1.75,0.4-0.6,0.000961914939559
1.5-1.75,0.6-0.8,0.000511415374653
1.5-1.75,0.8-1.0,0.000704346281102
1.5-1.75,1.0-1.2,0.000992413280338
1.5-1.75,1.2-1.4,0.000849265079057
1.5-1.75,1.2-1.4,0.0006235280322
1.5-1.75,1.4-1.6,0.000671837667851
1.5-1.75,1.4-1.6,0.00185885706313
1.5-1.75,1.4-1.6,0.0011769206376
1.5-1.75,1.2-1.4,0.00101297281177
1.5-1.75,1.0-1.2,0.00112105631625
1.5-1.75,1.0-1.2,0.00167291964896
1.5-1.75,0.8-1.0,0.00105713934927
1.5-1.75,0.6-0.8,0.000402086901749
1.5-1.75,0.6-0.8,0.00023851819067
1.5-1.75,0.4-0.6,0.000648163098789
1.5-1.75,0.2-0.4,0.00119167136133
1.5-1.75,0.2-0.4,0.00105366453117
1.5-1.75,0.0-0.2,0.00176429445214
1.5-1.75,0.0-0.2,0.00177499913858
1.5-1.75,0.0-0.2,0.0016176574447
1.5-1.75,0.0-0.2,0.000957009903979
1.5-1.75,0.2-0.4,0.00109931363507
1.5-1.75,0.4-0.6,0.000684941074505
1.5-1.75,0.4-0.6,0.00037785991791
1.5-1.75,0.6-0.8,0.00046502616356
1.5-1.75,0.8-1.0,0.000683408236013
1.5-1.75,0.8-1.0,0.000608652047177
1.5-1.75,1.0-1.2,0.000614879154148
1.5-1.75,1.2-1.4,0.000653882588661
1.5-1.75,1.2-1.4,0.000630213860221
1.5-1.75,1.4-1.6,0.000575165143416
1.5-1.75,1.4-1.6,0.000358983557439
1.5-1.75,1.2-1.4,0.000378635272638
1.5-1.75,1.2-1.4,0.000235689597192
1.5-1.75,1.0-1.2,0.000348204579413
1.5-1.75,1.0-1.2,0.00033086225078
1.5-1.75,0.8-1.0,0.000307059882335
1.5-1.75,0.8-1.0,0.000604845037474
1.5-1.75,0.6-0.8,0.00109561790359
1.5-1.75,0.6-0.8,0.000981882979205
1.5-1.75,0.4-0.6,0.000969390383087
1.5-1.75,0.2-0.4,0.000946535186629
1.5-1.75,0.2-0.4,0.000703957901652
1.5-1.75,0.0-0.2,0.00044486089092
1.5-1.75,0.0-0.2,0.000293410156201
1.5-1.75,0.0-0.2,0.000818663454807
1.75-2.0,0.0-0.2,0.000638575295033
1.75-2.0,0.0-0.2,0.000415337519793
1.75-2.0,0.2-0.4,0.00031595899225
1.75-2.0,0.4-0.6,0.000895217703357
1.75-2.0,0.4-0.6,0.000584246742885
1.75-2.0,0.6-0.8,0.00088807842515
1.5-1.75,0.8-1.0,0.00053778624776
1.5-1.75,1.0-1.2,0.000904436200244
1.5-1.75,1.2-1.4,0.000500579290899
1.5-1.75,1.2-1.4,0.000533474376123
1.5-1.75,1.4-1.6,0.000471304989754
1.5-1.75,1.4-1.6,0.00070110211893
1.5-1.75,1.2-1.4,0.000348753216978
1.5-1.75,1.2-1.4,0.000556993889445
1.5-1.75,1.0-1.2,0.000365684508342
1.5-1.75,1.0-1.2,0.000407556090861
1.5-1.75,0.8-1.0,0.00057657043955
1.5-1.75,0.6-0.8,0.000328816110584
1.5-1.75,0.6-0.8,0.000245186334115
1.5-1.75,0.4-0.6,0.000310266782146
1.5-1.75,0.4-0.6,0.000456387544867
1.5-1.75,0.2-0.4,0.000548780887529
1.5-1.75,0.2-0.4,0.000492431755877
1.5-1.75,0.0-0.2,0.000709622101052
1.5-1.75,0.0-0.2,0.000995948224437
1.75-2.0,0.0-0.2,0.00139116304189
1.75-2.0,0.2-0.4,0.000712045734291
1.75-2.0,0.2-0.4,0.000462418466759
1.75-2.0,0.4-0.6,0.000466244083958
1.75-2.0,0.6-0.8,0.000426540906614
1.75-2.0,0.8-1.0,0.000711223124864
1.75-2.0,1.0-1.2,0.00150608152548
1.75-2.0,1.0-1.2,0.00157394330533
1.75-2.0,1.2-1.4,0.00141354851062
1.75-2.0,1.4-1.6,0.00175297881515
1.75-2.0,1.4-1.6,0.000841789141705
1.75-2.0,1.2-1.4,0.000380541311735
1.75-2.0,1.2-1.4,0.000306202232877
1.75-2.0,1.0-1.2,0.000328478447912
1.75-2.0,0.8-1.0,0.000329444341312
1.5-1.75,0.6-0.8,0.000510331377888
1.5-1.75,0.6-0.8,0.00135071555456
1.5-1.75,0.4-0.6,0.00157629456463
1.5-1.75,0.4-0.6,0.000816246641081
1.5-1.75,0.2-0.4,0.000718595787334
1.5-1.75,0.0-0.2,0.000983984474029
1.5-1.75,0.0-0.2,0.00103106433925
1.5-1.75,0.0-0.2,0.000595264670164
1.75-2.0,0.0-0.2,0.00131688446054
1.75-2.0,0.2-0.4,0.000853951697969
1.75-2.0,0.2-0.4,0.000685016981943
1.75-2.0,0.4-0.6,0.000765778096591
1.75-2.0,0.6-0.8,0.00123894302645
1.75-2.0,0.6-0.8,0.000499242875123
1.75-2.0,0.8-1.0,0.000475821540815
1.75-2.0,1.0-1.2,0.000374360070124
1.75-2.0,1.0-1.2,0.000460943385126
1.75-2.0,1.2-1.4,0.000615391398508
1.75-2.0,1.2-1.4,0.000495928209249
1.75-2.0,1.4-1.6,0.00101448387538
1.75-2.0,1.4-1.6,0.00151723795228
1.75-2.0,1.4-1.6,0.00225344239907
1.75-2.0,1.2-1.4,0.00149069032814
1.75-2.0,1.0-1.2,0.00182142700434
1.75-2.0,1.0-1.2,0.00278550968106
1.75-2.0,0.8-1.0,0.0034495029738
1.75-2.0,0.8-1.0,0.00264469843542
1.75-2.0,0.8-1.0,0.00146075028972
1.75-2.0,0.6-0.8,0.000426873488221
1.75-2.0,0.4-0.6,0.000337551049436
1.75-2.0,0.4-0.6,0.000417959249792
1.75-2.0,0.2-0.4,0.000475374949143
1.75-2.0,0.0-0.2,0.000651162835435
1.75-2.0,0.0-0.2,0.000615770303082
1.75-2.0,0.0-0.2,0.0005488164236
1.75-2.0,0.0-0.2,0.000344780278408
1.75-2.0,0.0-0.2,0.000304285605184
1.75-2.0,0.2-0.4,0.000312503868232
1.75-2.0,0.4-0.6,0.000710130644432
1.75-2.0,0.6-0.8,0.000672814011514
1.75-2.0,0.8-1.0,0.00139384334293
1.75-2.0,1.0-1.2,0.00125528886467
1.75-2.0,1.0-1.2,0.00164895759775
1.75-2.0,1.2-1.4,0.00108028529826
1.75-2.0,1.4-1.6,0.000770413761383
1.75-2.0,1.4-1.6,0.000702005440348
1.75-2.0,1.4-1.6,0.000545792575959
1.75-2.0,1.4-1.6,0.000394056335035
1.75-2.0,1.2-1.4,0.000364958462756
1.75-2.0,1.0-1.2,0.000185305928879
1.75-2.0,1.0-1.2,0.000211735267705
1.75-2.0,0.8-1.0,0.000268412388128
1.75-2.0,0.6-0.8,0.00129936908107
1.75-2.0,0.6-0.8,0.000881803933858
1.75-2.0,0.4-0.6,0.000930326534773
1.75-2.0,0.2-0.4,0.00126411443027
1.75-2.0,0.2-0.4,0.00125291240791
1.75-2.0,0.0-0.2,0.00108205639731
1.75-2.0,0.0-0.2,0.000771594371682
1.75-2.0,0.0-0.2,0.000802821298135
2.0-2.25,0.0-0.2,0.00166863291059
2.0-2.25,0.0-0.2,0.0010527577566
2.0-2.25,0.2-0.4,0.000863037107829
2.0-2.25,0.4-0.6,0.00160442070226
2.0-2.25,0.4-0.6,0.000930881116377
2.0-2.25,0.6-0.8,0.0011569052237
2.0-2.25,0.8-1.0,0.00102190169074
2.0-2.25,0.8-1.0,0.000202974832608
2.0-2.25,1.0-1.2,0.000565584086097
2.0-2.25,1.2-1.4,0.000561263377233
2.0-2.25,1.2-1.4,0.000482842154685
2.0-2.25,1.4-1.6,0.000554247879539
2.0-2.25,1.4-1.6,0.00118581928298
1.75-2.0,1.4-1.6,0.00121318158373
1.75-2.0,1.2-1.4,0.00118144082315
1.75-2.0,1.2-1.4,0.00145980548015
1.75-2.0,1.0-1.2,0.00111383718646
1.75-2.0,0.8-1.0,0.00122074966841
1.75-2.0,0.8-1.0,0.000862574525185
1.75-2.0,0.6-0.8,0.000762437759649
1.75-2.0,0.6-0.8,0.000594515292626
1.75-2.0,0.4-0.6,0.000812721997271
1.75-2.0,0.2-0.4,0.00144126434812
1.75-2.0,0.2-0.4,0.00155056749033
1.75-2.0,0.0-0.2,0.00194660448933
1.75-2.0,0.0-0.2,0.00153337229436
1.75-2.0,0.0-0.2,0.00140297953555
1.75-2.0,0.0-0.2,0.00110588008309
2.0-2.25,0.0-0.2,0.000727148484727
2.0-2.25,0.0-0.2,0.000659336042822
2.0-2.25,0.2-0.4,0.00050351302042
2.0-2.25,0.4-0.6,0.000179862598106
2.0-2.25,0.4-0.6,0.000461524110966
2.0-2.25,0.6-0.8,0.00036382856846
2.0-2.25,0.8-1.0,0.000200851144168
2.0-2.25,0.8-1.0,0.00110674540236
2.0-2.25,1.0-1.2,0.00084992351353
2.0-2.25,1.2-1.4,0.000736000291679
2.0-2.25,1.2-1.4,0.00127722444056
2.0-2.25,1.4-1.6,0.000838803808452
2.0-2.25,1.4-1.6,0.000434685022912
2.0-2.25,1.4-1.6,0.000491986354855
2.0-2.25,1.4-1.6,0.000261608091105
2.0-2.25,1.4-1.6,0.000529594723161
2.0-2.25,1.2-1.4,0.000308049950487
2.0-2.25,1.2-1.4,0.000431537211571
2.0-2.25,1.0-1.2,0.000458692810245
2.0-2.25,1.0-1.2,0.000271783273872
2.0-2.25,0.8-1.0,0.000511611473409
2.0-2.25,0.6-0.8,0.00116685768917
2.0-2.25,0.6-0.8,0.000810618495332
2.0-2.25,0.4-0.6,0.00154854036532
2.0-2.25,0.4-0.6,0.00128318365653
2.0-2.25,0.2-0.4,0.000778206540456
2.0-2.25,0.2-0.4,0.000500470860259
2.0-2.25,0.0-0.2,0.00030570184326
2.0-2.25,0.0-0.2,0.000508868253479
2.0-2.25,0.0-0.2,0.000487252124181
2.0-2.25,0.0-0.2,0.00122836598774
2.0-2.25,0.0-0.2,0.00118348491132
2.0-2.25,0.2-0.4,0.000930254214238
2.0-2.25,0.4-0.6,0.00137379883289
2.0-2.25,0.6-0.8,0.00132183781396
2.0-2.25,0.6-0.8,0.000650825421973
2.0-2.25,0.8-1.0,0.00043993724335
2.0-2.25,0.8-1.0,0.000326891371766
2.0-2.25,1.0-1.2,0.000349949804173
2.0-2.25,1.2-1.4,0.000492318487851
2.0-2.25,1.2-1.4,0.000594465126033
2.0-2.25,1.4-1.6,0.00056324054446
2.0-2.25,1.4-1.6,0.000633837013538
2.0-2.25,1.4-1.6,0.000983524142743
2.0-2.25,1.4-1.6,0.0011531680183
2.0-2.25,1.2-1.4,0.00111303667999
2.0-2.25,1.2-1.4,0.00136080192595
2.0-2.25,1.0-1.2,0.00180306310394
2.0-2.25,0.8-1.0,0.00123752700188
2.0-2.25,0.8-1.0,0.000975002972609
2.0-2.25,0.6-0.8,0.00040700026302
2.0-2.25,0.6-0.8,0.000260163044624
2.0-2.25,0.4-0.6,0.000633273800861
2.0-2.25,0.4-0.6,0.00125772908021
2.0-2.25,0.2-0.4,0.00115576105981
2.0-2.25,0.2-0.4,0.0019568683426
2.0-2.25,0.0-0.2,0.00170868226576
2.0-2.25,0.0-0.2,0.00229220365254
2.0-2.25,0.0-0.2,0.00210191570296
2.0-2.25,0.0-0.2,0.00129987638307
2.25-2.5,0.0-0.2,0.000648995494374
2.25-2.5,0.0-0.2,0.000786102889737
2.25-2.5,0.2-0.4,0.000819385874152
2.25-2.5,0.2-0.4,0.00105302002094
2.25-2.5,0.4-0.6,0.00072910267902
2.25-2.5,0.6-0.8,0.00045329908379
2.25-2.5,0.6-0.8,0.000279454103678
2.25-2.5,0.8-1.0,0.000530040879702
2.25-2.5,0.8-1.0,0.000581800456172
2.25-2.5,1.0-1.2,0.000994669845792
2.25-2.5,1.0-1.2,0.0010529751657
2.25-2.5,1.2-1.4,0.00102730237059
2.25-2.5,1.2-1.4,0.000374224359956
2.0-2.25,1.4-1.6,0.00049620041368
2.0-2.25,1.4-1.6,0.000989397686659
2.0-2.25,1.4-1.6,0.000819532314021
2.0-2.25,1.4-1.6,0.000915142519641
2.0-2.25,1.2-1.4,0.000301177589632
2.0-2.25,1.2-1.4,0.000362878452361
2.0-2.25,1.0-1.2,0.000336745811485
2.0-2.25,1.0-1.2,0.000509915169258
2.0-2.25,0.8-1.0,0.000471975447842
2.0-2.25,0.6-0.8,0.00056912359026
2.0-2.25,0.6-0.8,0.000923216427952
2.0-2.25,0.4-0.6,0.000764131899521
2.0-2.25,0.2-0.4,0.00063800085145
2.0-2.25,0.2-0.4,0.000689456352171
2.0-2.25,0.2-0.4,0.00074686201237
2.0-2.25,0.0-0.2,0.00116979627231
2.0-2.25,0.0-0.2,0.00118496069523
2.0-2.25,0.0-0.2,0.000678167592078
2.0-2.25,0.0-0.2,0.000791451855469
